"","question","participant_id","taxon","treatment","is_correct","response_time"
"1",1,1,"CL","A",TRUE,"73.142"
"2",1,2,"CL","N",TRUE,"93.666"
"3",1,3,"CL","H",TRUE,"86.228"
"4",1,4,"CL","I",TRUE,"56.851"
"5",1,5,"CL","S",TRUE,"46.66"
"6",1,6,"CL","A",TRUE,"90.683"
"7",1,7,"CL","N",TRUE,"35.606"
"8",1,8,"CL","H",TRUE,"45.429"
"9",1,9,"CL","I",TRUE,"51.049"
"10",1,10,"CL","S",FALSE,"88.304"
"11",1,11,"CL","A",TRUE,"81.731"
"12",1,12,"CL","N",TRUE,"65.244"
"13",1,13,"CL","H",TRUE,"64.027"
"14",1,14,"CL","I",TRUE,"50.778"
"15",1,15,"CL","S",FALSE,"129.491"
"16",1,16,"CL","A",TRUE,"81.269"
"17",1,17,"CL","N",FALSE,"138.834"
"18",1,18,"CL","H",TRUE,"101.989"
"19",1,19,"CL","I",TRUE,"86.178"
"20",1,20,"CL","S",FALSE,"94.437"
"21",1,21,"CL","A",TRUE,"29.44"
"22",1,22,"CL","N",TRUE,"78.22"
"23",1,23,"CL","H",TRUE,"67.605"
"24",1,24,"CL","I",TRUE,"66.778"
"25",1,25,"CL","S",TRUE,"195.362"
"26",1,26,"CL","A",TRUE,"79.975"
"27",1,27,"CL","N",TRUE,"76.021"
"28",1,28,"CL","H",FALSE,"77.818"
"29",1,29,"CL","I",TRUE,"67.142"
"30",1,30,"CL","S",FALSE,"68.129"
"31",1,31,"CL","A",TRUE,"66.477"
"32",1,32,"CL","N",TRUE,"127.766"
"33",1,33,"CL","H",TRUE,"112.439"
"34",1,34,"CL","I",TRUE,"86.627"
"35",1,35,"CL","S",TRUE,"110.233"
"36",1,36,"CL","A",TRUE,"45.863"
"37",1,37,"CL","N",TRUE,"63.522"
"38",1,38,"CL","H",TRUE,"88.673"
"39",1,39,"CL","I",TRUE,"89.468"
"40",1,40,"CL","S",TRUE,"90.404"
"41",1,41,"CL","A",TRUE,"53.777"
"42",1,42,"CL","N",TRUE,"73.08"
"43",1,43,"CL","H",TRUE,"45.582"
"44",1,44,"CL","I",TRUE,"60.755"
"45",1,45,"CL","S",TRUE,"47.817"
"46",1,46,"CL","A",TRUE,"59.354"
"47",1,47,"CL","N",TRUE,"73.898"
"48",1,48,"CL","H",FALSE,"64.742"
"49",1,49,"CL","I",TRUE,"65.165"
"50",1,50,"CL","S",TRUE,"60.662"
"51",1,51,"CL","A",TRUE,"91.625"
"52",1,52,"CL","N",TRUE,"43.511"
"53",1,53,"CL","H",TRUE,"138.47"
"54",1,54,"CL","I",TRUE,"90.083"
"55",1,55,"CL","S",FALSE,"81.606"
"56",2,1,"CO","I",TRUE,"34.543"
"57",2,2,"CO","S",TRUE,"45.407"
"58",2,3,"CO","A",TRUE,"25.464"
"59",2,4,"CO","N",TRUE,"44.4"
"60",2,5,"CO","H",TRUE,"31.74"
"61",2,6,"CO","I",TRUE,"30.053"
"62",2,7,"CO","S",TRUE,"43.548"
"63",2,8,"CO","A",TRUE,"27.931"
"64",2,9,"CO","N",TRUE,"26.77"
"65",2,10,"CO","H",TRUE,"35.027"
"66",2,11,"CO","I",TRUE,"43.018"
"67",2,12,"CO","S",TRUE,"42.06"
"68",2,13,"CO","A",TRUE,"39.281"
"69",2,14,"CO","N",TRUE,"29.26"
"70",2,15,"CO","H",TRUE,"36.595"
"71",2,16,"CO","I",TRUE,"43.696"
"72",2,17,"CO","S",TRUE,"43.29"
"73",2,18,"CO","A",TRUE,"54.548"
"74",2,19,"CO","N",TRUE,"42.755"
"75",2,20,"CO","H",TRUE,"35.236"
"76",2,21,"CO","I",TRUE,"33.719"
"77",2,22,"CO","S",TRUE,"37.298"
"78",2,23,"CO","A",TRUE,"36.154"
"79",2,24,"CO","N",TRUE,"31.87"
"80",2,25,"CO","H",TRUE,"52.71"
"81",2,26,"CO","I",TRUE,"34.67"
"82",2,27,"CO","S",TRUE,"38.975"
"83",2,28,"CO","A",TRUE,"59.312"
"84",2,29,"CO","N",TRUE,"28.908"
"85",2,30,"CO","H",TRUE,"26.66"
"86",2,31,"CO","I",TRUE,"42.192"
"87",2,32,"CO","S",TRUE,"42.625"
"88",2,33,"CO","A",TRUE,"32.55"
"89",2,34,"CO","N",TRUE,"35.727"
"90",2,35,"CO","H",TRUE,"30.257"
"91",2,36,"CO","I",TRUE,"23.973"
"92",2,37,"CO","S",FALSE,"27.721"
"93",2,38,"CO","A",TRUE,"34.809"
"94",2,39,"CO","N",TRUE,"27.939"
"95",2,40,"CO","H",TRUE,"30.084"
"96",2,41,"CO","I",TRUE,"46.669"
"97",2,42,"CO","S",TRUE,"34.054"
"98",2,43,"CO","A",TRUE,"31.885"
"99",2,44,"CO","N",FALSE,"60.068"
"100",2,45,"CO","H",TRUE,"32.156"
"101",2,46,"CO","I",TRUE,"64.257"
"102",2,47,"CO","S",TRUE,"41.313"
"103",2,48,"CO","A",TRUE,"43.962"
"104",2,49,"CO","N",TRUE,"30.368"
"105",2,50,"CO","H",TRUE,"45.726"
"106",2,51,"CO","I",TRUE,"43.151"
"107",2,52,"CO","S",FALSE,"38.236"
"108",2,53,"CO","A",TRUE,"24.206"
"109",2,54,"CO","N",TRUE,"55.271"
"110",2,55,"CO","H",TRUE,"43.475"
"111",3,1,"DC","N",TRUE,"40.472"
"112",3,2,"DC","H",TRUE,"42.85"
"113",3,3,"DC","I",TRUE,"32.306"
"114",3,4,"DC","S",TRUE,"44.589"
"115",3,5,"DC","A",TRUE,"23.373"
"116",3,6,"DC","N",TRUE,"23.921"
"117",3,7,"DC","H",TRUE,"26.052"
"118",3,8,"DC","I",TRUE,"29.238"
"119",3,9,"DC","S",TRUE,"52.938"
"120",3,10,"DC","A",TRUE,"38.645"
"121",3,11,"DC","N",TRUE,"37.868"
"122",3,12,"DC","H",TRUE,"39.337"
"123",3,13,"DC","I",TRUE,"48.313"
"124",3,14,"DC","S",TRUE,"27.247"
"125",3,15,"DC","A",TRUE,"36.003"
"126",3,16,"DC","N",TRUE,"46.719"
"127",3,17,"DC","H",TRUE,"32.723"
"128",3,18,"DC","I",TRUE,"68.957"
"129",3,19,"DC","S",TRUE,"52.087"
"130",3,20,"DC","A",TRUE,"38.332"
"131",3,21,"DC","N",TRUE,"40.891"
"132",3,22,"DC","H",TRUE,"35.409"
"133",3,23,"DC","I",TRUE,"49.639"
"134",3,24,"DC","S",TRUE,"29.499"
"135",3,25,"DC","A",TRUE,"70.707"
"136",3,26,"DC","N",TRUE,"35.147"
"137",3,27,"DC","H",TRUE,"47.283"
"138",3,28,"DC","I",TRUE,"38.941"
"139",3,29,"DC","S",TRUE,"27.731"
"140",3,30,"DC","A",TRUE,"36.261"
"141",3,31,"DC","N",TRUE,"41.062"
"142",3,32,"DC","H",TRUE,"32.252"
"143",3,33,"DC","I",TRUE,"45.75"
"144",3,34,"DC","S",TRUE,"48.246"
"145",3,35,"DC","A",TRUE,"27.074"
"146",3,36,"DC","N",TRUE,"34.04"
"147",3,37,"DC","H",TRUE,"14.538"
"148",3,38,"DC","I",TRUE,"46.679"
"149",3,39,"DC","S",TRUE,"38.373"
"150",3,40,"DC","A",TRUE,"47.932"
"151",3,41,"DC","N",TRUE,"35.343"
"152",3,42,"DC","H",TRUE,"34.381"
"153",3,43,"DC","I",TRUE,"34.489"
"154",3,44,"DC","S",TRUE,"36.391"
"155",3,45,"DC","A",TRUE,"27.429"
"156",3,46,"DC","N",TRUE,"42.586"
"157",3,47,"DC","H",TRUE,"31.17"
"158",3,48,"DC","I",TRUE,"60.03"
"159",3,49,"DC","S",TRUE,"41.725"
"160",3,50,"DC","A",TRUE,"42.633"
"161",3,51,"DC","N",TRUE,"34.811"
"162",3,52,"DC","H",TRUE,"27.479"
"163",3,53,"DC","I",TRUE,"49.397"
"164",3,54,"DC","S",TRUE,"34.381"
"165",3,55,"DC","A",TRUE,"34.721"
"166",4,1,"RE","I",TRUE,"20.274"
"167",4,2,"RE","S",TRUE,"31.928"
"168",4,3,"RE","A",TRUE,"10.041"
"169",4,4,"RE","N",TRUE,"34.029"
"170",4,5,"RE","H",TRUE,"27.735"
"171",4,6,"RE","I",TRUE,"18.843"
"172",4,7,"RE","S",TRUE,"11.939"
"173",4,8,"RE","A",TRUE,"11.335"
"174",4,9,"RE","N",TRUE,"12.369"
"175",4,10,"RE","H",TRUE,"11.224"
"176",4,11,"RE","I",TRUE,"12.874"
"177",4,12,"RE","S",TRUE,"31.285"
"178",4,13,"RE","A",TRUE,"27.032"
"179",4,14,"RE","N",TRUE,"9.128"
"180",4,15,"RE","H",TRUE,"13.891"
"181",4,16,"RE","I",TRUE,"28.217"
"182",4,17,"RE","S",TRUE,"17.448"
"183",4,18,"RE","A",TRUE,"12.51"
"184",4,19,"RE","N",TRUE,"17.133"
"185",4,20,"RE","H",TRUE,"11.329"
"186",4,21,"RE","I",TRUE,"11.383"
"187",4,22,"RE","S",TRUE,"54.623"
"188",4,23,"RE","A",TRUE,"12.821"
"189",4,24,"RE","N",TRUE,"15.764"
"190",4,25,"RE","H",TRUE,"29.334"
"191",4,26,"RE","I",TRUE,"11.624"
"192",4,27,"RE","S",TRUE,"21.776"
"193",4,28,"RE","A",TRUE,"16.45"
"194",4,29,"RE","N",TRUE,"21.896"
"195",4,30,"RE","H",TRUE,"16.736"
"196",4,31,"RE","I",TRUE,"14.109"
"197",4,32,"RE","S",TRUE,"17.772"
"198",4,33,"RE","A",TRUE,"17.171"
"199",4,34,"RE","N",TRUE,"15.308"
"200",4,35,"RE","H",TRUE,"22.417"
"201",4,36,"RE","I",TRUE,"10.466"
"202",4,37,"RE","S",TRUE,"5.239"
"203",4,38,"RE","A",TRUE,"16.662"
"204",4,39,"RE","N",TRUE,"9.647"
"205",4,40,"RE","H",TRUE,"27.771"
"206",4,41,"RE","I",TRUE,"11.141"
"207",4,42,"RE","S",TRUE,"19.854"
"208",4,43,"RE","A",TRUE,"11.311"
"209",4,44,"RE","N",TRUE,"22.446"
"210",4,45,"RE","H",TRUE,"14.549"
"211",4,46,"RE","I",TRUE,"31.617"
"212",4,47,"RE","S",TRUE,"23.385"
"213",4,48,"RE","A",TRUE,"9.859"
"214",4,49,"RE","N",TRUE,"13.446"
"215",4,50,"RE","H",TRUE,"16.578"
"216",4,51,"RE","I",TRUE,"13.345"
"217",4,52,"RE","S",TRUE,"19.753"
"218",4,53,"RE","A",TRUE,"10.885"
"219",4,54,"RE","N",TRUE,"27.492"
"220",4,55,"RE","H",TRUE,"8.609"
"221",5,1,"SU","I",TRUE,"102.49"
"222",5,2,"SU","S",TRUE,"52.16"
"223",5,3,"SU","A",TRUE,"49.336"
"224",5,4,"SU","N",FALSE,"60.598"
"225",5,5,"SU","H",FALSE,"62.59"
"226",5,6,"SU","I",FALSE,"68.655"
"227",5,7,"SU","S",TRUE,"39.954"
"228",5,8,"SU","A",TRUE,"51.975"
"229",5,9,"SU","N",FALSE,"28.114"
"230",5,10,"SU","H",FALSE,"29.566"
"231",5,11,"SU","I",TRUE,"46.814"
"232",5,12,"SU","S",TRUE,"48.732"
"233",5,13,"SU","A",TRUE,"75.575"
"234",5,14,"SU","N",FALSE,"41.965"
"235",5,15,"SU","H",FALSE,"71.33"
"236",5,16,"SU","I",TRUE,"63.618"
"237",5,17,"SU","S",TRUE,"41.979"
"238",5,18,"SU","A",TRUE,"50.731"
"239",5,19,"SU","N",TRUE,"140.367"
"240",5,20,"SU","H",FALSE,"45.178"
"241",5,21,"SU","I",FALSE,"27.793"
"242",5,22,"SU","S",TRUE,"73.765"
"243",5,23,"SU","A",TRUE,"34.816"
"244",5,24,"SU","N",FALSE,"40.607"
"245",5,25,"SU","H",FALSE,"75.256"
"246",5,26,"SU","I",FALSE,"87.924"
"247",5,27,"SU","S",TRUE,"50.263"
"248",5,28,"SU","A",TRUE,"79.618"
"249",5,29,"SU","N",FALSE,"38.874"
"250",5,30,"SU","H",FALSE,"62.125"
"251",5,31,"SU","I",FALSE,"62.923"
"252",5,32,"SU","S",TRUE,"64.102"
"253",5,33,"SU","A",TRUE,"54.579"
"254",5,34,"SU","N",FALSE,"53.201"
"255",5,35,"SU","H",FALSE,"48.978"
"256",5,36,"SU","I",FALSE,"33.383"
"257",5,37,"SU","S",FALSE,"33.468"
"258",5,38,"SU","A",TRUE,"62.117"
"259",5,39,"SU","N",FALSE,"40.739"
"260",5,40,"SU","H",FALSE,"49.808"
"261",5,41,"SU","I",FALSE,"78.38"
"262",5,42,"SU","S",FALSE,"40.026"
"263",5,43,"SU","A",TRUE,"58.602"
"264",5,44,"SU","N",FALSE,"67.521"
"265",5,45,"SU","H",FALSE,"46.318"
"266",5,46,"SU","I",FALSE,"65.868"
"267",5,47,"SU","S",TRUE,"40.521"
"268",5,48,"SU","A",TRUE,"46.847"
"269",5,49,"SU","N",FALSE,"44.098"
"270",5,50,"SU","H",FALSE,"63.913"
"271",5,51,"SU","I",FALSE,"34.892"
"272",5,52,"SU","S",TRUE,"45.529"
"273",5,53,"SU","A",TRUE,"48.542"
"274",5,54,"SU","N",FALSE,"86.619"
"275",5,55,"SU","H",FALSE,"64.134"
"276",6,1,"DC","A",TRUE,"47.895"
"277",6,2,"DC","N",FALSE,"48.439"
"278",6,3,"DC","H",TRUE,"28.877"
"279",6,4,"DC","I",TRUE,"58.483"
"280",6,5,"DC","S",TRUE,"32.223"
"281",6,6,"DC","A",TRUE,"44.27"
"282",6,7,"DC","N",TRUE,"31.726"
"283",6,8,"DC","H",FALSE,"31.789"
"284",6,9,"DC","I",TRUE,"24.784"
"285",6,10,"DC","S",TRUE,"23.055"
"286",6,11,"DC","A",FALSE,"28.619"
"287",6,12,"DC","N",TRUE,"49.431"
"288",6,13,"DC","H",TRUE,"66.888"
"289",6,14,"DC","I",TRUE,"20.675"
"290",6,15,"DC","S",TRUE,"35.73"
"291",6,16,"DC","A",TRUE,"48.456"
"292",6,17,"DC","N",TRUE,"40.514"
"293",6,18,"DC","H",TRUE,"50.57"
"294",6,19,"DC","I",TRUE,"41.259"
"295",6,20,"DC","S",TRUE,"36.574"
"296",6,21,"DC","A",TRUE,"56.51"
"297",6,22,"DC","N",TRUE,"60.245"
"298",6,23,"DC","H",TRUE,"36.948"
"299",6,24,"DC","I",TRUE,"28.675"
"300",6,25,"DC","S",TRUE,"40.121"
"301",6,26,"DC","A",TRUE,"60.902"
"302",6,27,"DC","N",FALSE,"28.895"
"303",6,28,"DC","H",TRUE,"33.209"
"304",6,29,"DC","I",TRUE,"18.981"
"305",6,30,"DC","S",FALSE,"36.179"
"306",6,31,"DC","A",TRUE,"32.056"
"307",6,32,"DC","N",TRUE,"45.046"
"308",6,33,"DC","H",TRUE,"50.335"
"309",6,34,"DC","I",TRUE,"32.245"
"310",6,35,"DC","S",TRUE,"25.231"
"311",6,36,"DC","A",TRUE,"30.215"
"312",6,37,"DC","N",FALSE,"19.97"
"313",6,38,"DC","H",TRUE,"45.086"
"314",6,39,"DC","I",TRUE,"30.749"
"315",6,40,"DC","S",TRUE,"29.274"
"316",6,41,"DC","A",TRUE,"50.536"
"317",6,42,"DC","N",TRUE,"24.275"
"318",6,43,"DC","H",FALSE,"31.431"
"319",6,44,"DC","I",TRUE,"37.079"
"320",6,45,"DC","S",TRUE,"16.853"
"321",6,46,"DC","A",TRUE,"51.178"
"322",6,47,"DC","N",TRUE,"39.951"
"323",6,48,"DC","H",TRUE,"23.992"
"324",6,49,"DC","I",TRUE,"36.066"
"325",6,50,"DC","S",TRUE,"30.357"
"326",6,51,"DC","A",TRUE,"31.165"
"327",6,52,"DC","N",TRUE,"25.434"
"328",6,53,"DC","H",TRUE,"35.283"
"329",6,54,"DC","I",TRUE,"22.073"
"330",6,55,"DC","S",TRUE,"18.933"
"331",7,1,"FL","A",TRUE,"61.464"
"332",7,2,"FL","N",TRUE,"34.975"
"333",7,3,"FL","H",FALSE,"59.441"
"334",7,4,"FL","I",TRUE,"69.2"
"335",7,5,"FL","S",TRUE,"54.948"
"336",7,6,"FL","A",TRUE,"30.494"
"337",7,7,"FL","N",TRUE,"24.306"
"338",7,8,"FL","H",FALSE,"24.642"
"339",7,9,"FL","I",TRUE,"26.588"
"340",7,10,"FL","S",TRUE,"31.606"
"341",7,11,"FL","A",TRUE,"26.937"
"342",7,12,"FL","N",TRUE,"57.628"
"343",7,13,"FL","H",TRUE,"64.058"
"344",7,14,"FL","I",FALSE,"58.11"
"345",7,15,"FL","S",TRUE,"63.69"
"346",7,16,"FL","A",TRUE,"36.863"
"347",7,17,"FL","N",TRUE,"43.644"
"348",7,18,"FL","H",FALSE,"102.632"
"349",7,19,"FL","I",TRUE,"55.734"
"350",7,20,"FL","S",FALSE,"53.692"
"351",7,21,"FL","A",TRUE,"48.723"
"352",7,22,"FL","N",TRUE,"75.73"
"353",7,23,"FL","H",TRUE,"52.734"
"354",7,24,"FL","I",TRUE,"58.514"
"355",7,25,"FL","S",TRUE,"63.725"
"356",7,26,"FL","A",TRUE,"44.873"
"357",7,27,"FL","N",TRUE,"43.266"
"358",7,28,"FL","H",TRUE,"67.137"
"359",7,29,"FL","I",TRUE,"48.072"
"360",7,30,"FL","S",FALSE,"29.547"
"361",7,31,"FL","A",FALSE,"65.217"
"362",7,32,"FL","N",TRUE,"50.566"
"363",7,33,"FL","H",TRUE,"88.888"
"364",7,34,"FL","I",TRUE,"42.347"
"365",7,35,"FL","S",TRUE,"37.637"
"366",7,36,"FL","A",TRUE,"44.039"
"367",7,37,"FL","N",TRUE,"39.491"
"368",7,38,"FL","H",TRUE,"32.817"
"369",7,39,"FL","I",TRUE,"62.963"
"370",7,40,"FL","S",TRUE,"53.96"
"371",7,41,"FL","A",TRUE,"45.837"
"372",7,42,"FL","N",TRUE,"30.386"
"373",7,43,"FL","H",TRUE,"57.743"
"374",7,44,"FL","I",TRUE,"62.647"
"375",7,45,"FL","S",TRUE,"25.829"
"376",7,46,"FL","A",TRUE,"47.301"
"377",7,47,"FL","N",TRUE,"39.956"
"378",7,48,"FL","H",TRUE,"33.08"
"379",7,49,"FL","I",TRUE,"29.984"
"380",7,50,"FL","S",FALSE,"36.637"
"381",7,51,"FL","A",TRUE,"52.087"
"382",7,52,"FL","N",TRUE,"52.318"
"383",7,53,"FL","H",FALSE,"60.225"
"384",7,54,"FL","I",TRUE,"45.098"
"385",7,55,"FL","S",TRUE,"21.972"
"386",8,1,"CO","N",FALSE,"26.485"
"387",8,2,"CO","H",FALSE,"41.359"
"388",8,3,"CO","I",TRUE,"27.935"
"389",8,4,"CO","S",TRUE,"39.085"
"390",8,5,"CO","A",TRUE,"27.105"
"391",8,6,"CO","N",TRUE,"31.15"
"392",8,7,"CO","H",TRUE,"18.459"
"393",8,8,"CO","I",TRUE,"33.466"
"394",8,9,"CO","S",TRUE,"33.935"
"395",8,10,"CO","A",TRUE,"32.386"
"396",8,11,"CO","N",TRUE,"27.642"
"397",8,12,"CO","H",TRUE,"30.827"
"398",8,13,"CO","I",TRUE,"60.308"
"399",8,14,"CO","S",TRUE,"22.828"
"400",8,15,"CO","A",TRUE,"39.854"
"401",8,16,"CO","N",TRUE,"31.142"
"402",8,17,"CO","H",FALSE,"33.449"
"403",8,18,"CO","I",TRUE,"68.404"
"404",8,19,"CO","S",FALSE,"48.719"
"405",8,20,"CO","A",TRUE,"17.401"
"406",8,21,"CO","N",TRUE,"47.093"
"407",8,22,"CO","H",FALSE,"54.98"
"408",8,23,"CO","I",TRUE,"32.68"
"409",8,24,"CO","S",TRUE,"21.226"
"410",8,25,"CO","A",TRUE,"42.868"
"411",8,26,"CO","N",TRUE,"39.201"
"412",8,27,"CO","H",FALSE,"52.266"
"413",8,28,"CO","I",FALSE,"27.132"
"414",8,29,"CO","S",TRUE,"22.378"
"415",8,30,"CO","A",FALSE,"48.22"
"416",8,31,"CO","N",TRUE,"49.023"
"417",8,32,"CO","H",FALSE,"37.991"
"418",8,33,"CO","I",TRUE,"69.755"
"419",8,34,"CO","S",FALSE,"26.862"
"420",8,35,"CO","A",TRUE,"19.252"
"421",8,36,"CO","N",TRUE,"32.773"
"422",8,37,"CO","H",FALSE,"12.308"
"423",8,38,"CO","I",FALSE,"28.381"
"424",8,39,"CO","S",FALSE,"13.246"
"425",8,40,"CO","A",TRUE,"40.01"
"426",8,41,"CO","N",TRUE,"34.297"
"427",8,42,"CO","H",TRUE,"44.343"
"428",8,43,"CO","I",TRUE,"16.405"
"429",8,44,"CO","S",TRUE,"44.16"
"430",8,45,"CO","A",TRUE,"17.526"
"431",8,46,"CO","N",FALSE,"29.12"
"432",8,47,"CO","H",TRUE,"26.972"
"433",8,48,"CO","I",TRUE,"27.59"
"434",8,49,"CO","S",TRUE,"48.087"
"435",8,50,"CO","A",TRUE,"27.223"
"436",8,51,"CO","N",TRUE,"17.467"
"437",8,52,"CO","H",TRUE,"39.287"
"438",8,53,"CO","I",TRUE,"40.798"
"439",8,54,"CO","S",TRUE,"75.828"
"440",8,55,"CO","A",TRUE,"27.558"
"441",9,1,"CL","H",TRUE,"45.507"
"442",9,2,"CL","I",TRUE,"69.163"
"443",9,3,"CL","S",FALSE,"80.24"
"444",9,4,"CL","A",FALSE,"59.719"
"445",9,5,"CL","N",TRUE,"64.885"
"446",9,6,"CL","H",FALSE,"76.567"
"447",9,7,"CL","I",TRUE,"44.532"
"448",9,8,"CL","S",TRUE,"30.669"
"449",9,9,"CL","A",TRUE,"54.658"
"450",9,10,"CL","N",FALSE,"32.734"
"451",9,11,"CL","H",TRUE,"47.77"
"452",9,12,"CL","I",TRUE,"67.966"
"453",9,13,"CL","S",TRUE,"56.418"
"454",9,14,"CL","A",TRUE,"101.023"
"455",9,15,"CL","N",TRUE,"70.565"
"456",9,16,"CL","H",TRUE,"61.75"
"457",9,17,"CL","I",FALSE,"56.72"
"458",9,18,"CL","S",TRUE,"180.802"
"459",9,19,"CL","A",TRUE,"41.383"
"460",9,20,"CL","N",TRUE,"57.771"
"461",9,21,"CL","H",FALSE,"56.492"
"462",9,22,"CL","I",TRUE,"80.381"
"463",9,23,"CL","S",FALSE,"73.914"
"464",9,24,"CL","A",TRUE,"22.05"
"465",9,25,"CL","N",TRUE,"164.787"
"466",9,26,"CL","H",TRUE,"64.99"
"467",9,27,"CL","I",FALSE,"38.612"
"468",9,28,"CL","S",TRUE,"32.215"
"469",9,29,"CL","A",TRUE,"37.298"
"470",9,30,"CL","N",FALSE,"27.518"
"471",9,31,"CL","H",FALSE,"33.353"
"472",9,32,"CL","I",TRUE,"82.398"
"473",9,33,"CL","S",TRUE,"92.989"
"474",9,34,"CL","A",TRUE,"76.73"
"475",9,35,"CL","N",FALSE,"56.722"
"476",9,36,"CL","H",FALSE,"25.228"
"477",9,37,"CL","I",TRUE,"27.086"
"478",9,38,"CL","S",FALSE,"50.006"
"479",9,39,"CL","A",FALSE,"105.963"
"480",9,40,"CL","N",FALSE,"64.358"
"481",9,41,"CL","H",FALSE,"58.862"
"482",9,42,"CL","I",FALSE,"30.454"
"483",9,43,"CL","S",TRUE,"53.595"
"484",9,44,"CL","A",TRUE,"59.301"
"485",9,45,"CL","N",TRUE,"33.962"
"486",9,46,"CL","H",TRUE,"57.871"
"487",9,47,"CL","I",FALSE,"70.502"
"488",9,48,"CL","S",FALSE,"16.829"
"489",9,49,"CL","A",FALSE,"116.965"
"490",9,50,"CL","N",TRUE,"42.705"
"491",9,51,"CL","H",TRUE,"77.354"
"492",9,52,"CL","I",TRUE,"59.871"
"493",9,53,"CL","S",FALSE,"70.031"
"494",9,54,"CL","A",TRUE,"118.474"
"495",9,55,"CL","N",TRUE,"57.446"
"496",10,1,"FL","H",TRUE,"70.072"
"497",10,2,"FL","I",TRUE,"70.615"
"498",10,3,"FL","S",TRUE,"64.902"
"499",10,4,"FL","A",FALSE,"106.153"
"500",10,5,"FL","N",TRUE,"64.178"
"501",10,6,"FL","H",TRUE,"55.245"
"502",10,7,"FL","I",TRUE,"76.839"
"503",10,8,"FL","S",TRUE,"31.502"
"504",10,9,"FL","A",FALSE,"78.71"
"505",10,10,"FL","N",TRUE,"43.475"
"506",10,11,"FL","H",FALSE,"69.8"
"507",10,12,"FL","I",TRUE,"84.91"
"508",10,13,"FL","S",FALSE,"77.365"
"509",10,14,"FL","A",TRUE,"18.176"
"510",10,15,"FL","N",TRUE,"38.768"
"511",10,16,"FL","H",TRUE,"84.929"
"512",10,17,"FL","I",TRUE,"110.089"
"513",10,18,"FL","S",TRUE,"107.815"
"514",10,19,"FL","A",TRUE,"75.455"
"515",10,20,"FL","N",TRUE,"92.277"
"516",10,21,"FL","H",TRUE,"26.49"
"517",10,22,"FL","I",FALSE,"125.706"
"518",10,23,"FL","S",TRUE,"122.908"
"519",10,24,"FL","A",TRUE,"68.781"
"520",10,25,"FL","N",TRUE,"98.471"
"521",10,26,"FL","H",TRUE,"46.065"
"522",10,27,"FL","I",TRUE,"60.81"
"523",10,28,"FL","S",FALSE,"112.938"
"524",10,29,"FL","A",TRUE,"126.641"
"525",10,30,"FL","N",TRUE,"35.47"
"526",10,31,"FL","H",TRUE,"37.168"
"527",10,32,"FL","I",TRUE,"54.262"
"528",10,33,"FL","S",TRUE,"78.814"
"529",10,34,"FL","A",TRUE,"73.984"
"530",10,35,"FL","N",TRUE,"44.23"
"531",10,36,"FL","H",TRUE,"72.422"
"532",10,37,"FL","I",TRUE,"43.812"
"533",10,38,"FL","S",FALSE,"74.656"
"534",10,39,"FL","A",TRUE,"52.109"
"535",10,40,"FL","N",TRUE,"112.584"
"536",10,41,"FL","H",TRUE,"54.065"
"537",10,42,"FL","I",TRUE,"25.975"
"538",10,43,"FL","S",TRUE,"19.682"
"539",10,44,"FL","A",TRUE,"59.896"
"540",10,45,"FL","N",TRUE,"57.709"
"541",10,46,"FL","H",FALSE,"51.335"
"542",10,47,"FL","I",TRUE,"107.035"
"543",10,48,"FL","S",FALSE,"86.699"
"544",10,49,"FL","A",FALSE,"97.941"
"545",10,50,"FL","N",TRUE,"53.908"
"546",10,51,"FL","H",FALSE,"119.173"
"547",10,52,"FL","I",TRUE,"68.739"
"548",10,53,"FL","S",TRUE,"73.16"
"549",10,54,"FL","A",TRUE,"118.336"
"550",10,55,"FL","N",TRUE,"45.171"
"551",11,1,"FA","N",TRUE,"35.075"
"552",11,2,"FA","H",TRUE,"14.913"
"553",11,3,"FA","I",TRUE,"19.658"
"554",11,4,"FA","S",TRUE,"64.134"
"555",11,5,"FA","A",TRUE,"35.915"
"556",11,6,"FA","N",TRUE,"21.442"
"557",11,7,"FA","H",TRUE,"18.178"
"558",11,8,"FA","I",TRUE,"24.536"
"559",11,9,"FA","S",TRUE,"16.992"
"560",11,10,"FA","A",TRUE,"19.886"
"561",11,11,"FA","N",TRUE,"26.623"
"562",11,12,"FA","H",TRUE,"41.67"
"563",11,13,"FA","I",TRUE,"38.673"
"564",11,14,"FA","S",TRUE,"42.465"
"565",11,15,"FA","A",TRUE,"13.994"
"566",11,16,"FA","N",TRUE,"21.754"
"567",11,17,"FA","H",TRUE,"20.906"
"568",11,18,"FA","I",TRUE,"36.191"
"569",11,19,"FA","S",TRUE,"38.064"
"570",11,20,"FA","A",TRUE,"17.399"
"571",11,21,"FA","N",TRUE,"15.967"
"572",11,22,"FA","H",TRUE,"40.275"
"573",11,23,"FA","I",TRUE,"18.22"
"574",11,24,"FA","S",TRUE,"20.36"
"575",11,25,"FA","A",TRUE,"36.508"
"576",11,26,"FA","N",TRUE,"21.534"
"577",11,27,"FA","H",TRUE,"24.15"
"578",11,28,"FA","I",FALSE,"23.552"
"579",11,29,"FA","S",TRUE,"29.589"
"580",11,30,"FA","A",TRUE,"32.324"
"581",11,31,"FA","N",TRUE,"19.726"
"582",11,32,"FA","H",TRUE,"21.225"
"583",11,33,"FA","I",TRUE,"29.379"
"584",11,34,"FA","S",TRUE,"21.17"
"585",11,35,"FA","A",TRUE,"26.968"
"586",11,36,"FA","N",TRUE,"32.998"
"587",11,37,"FA","H",TRUE,"27.257"
"588",11,38,"FA","I",TRUE,"37.724"
"589",11,39,"FA","S",TRUE,"19.713"
"590",11,40,"FA","A",TRUE,"28.569"
"591",11,41,"FA","N",TRUE,"37.101"
"592",11,42,"FA","H",TRUE,"35.283"
"593",11,43,"FA","I",TRUE,"25.178"
"594",11,44,"FA","S",TRUE,"25.187"
"595",11,45,"FA","A",TRUE,"19.06"
"596",11,46,"FA","N",TRUE,"18.627"
"597",11,47,"FA","H",TRUE,"25.23"
"598",11,48,"FA","I",TRUE,"22.246"
"599",11,49,"FA","S",TRUE,"21.92"
"600",11,50,"FA","A",TRUE,"17.353"
"601",11,51,"FA","N",TRUE,"28.053"
"602",11,52,"FA","H",TRUE,"23.58"
"603",11,53,"FA","I",TRUE,"25.232"
"604",11,54,"FA","S",TRUE,"16.092"
"605",11,55,"FA","A",TRUE,"38.341"
"606",12,1,"FT","A",TRUE,"64.044"
"607",12,2,"FT","N",TRUE,"12.408"
"608",12,3,"FT","H",TRUE,"21.384"
"609",12,4,"FT","I",TRUE,"20.077"
"610",12,5,"FT","S",TRUE,"10.944"
"611",12,6,"FT","A",TRUE,"9.122"
"612",12,7,"FT","N",TRUE,"8.703"
"613",12,8,"FT","H",TRUE,"11.673"
"614",12,9,"FT","I",TRUE,"12.542"
"615",12,10,"FT","S",TRUE,"11.153"
"616",12,11,"FT","A",TRUE,"9.206"
"617",12,12,"FT","N",TRUE,"22.571"
"618",12,13,"FT","H",TRUE,"39.081"
"619",12,14,"FT","I",TRUE,"10.191"
"620",12,15,"FT","S",TRUE,"22.817"
"621",12,16,"FT","A",TRUE,"22.433"
"622",12,17,"FT","N",TRUE,"14.497"
"623",12,18,"FT","H",TRUE,"15.165"
"624",12,19,"FT","I",TRUE,"20.094"
"625",12,20,"FT","S",TRUE,"14.212"
"626",12,21,"FT","A",TRUE,"7.508"
"627",12,22,"FT","N",TRUE,"11.577"
"628",12,23,"FT","H",TRUE,"6.054"
"629",12,24,"FT","I",TRUE,"10.567"
"630",12,25,"FT","S",TRUE,"23.882"
"631",12,26,"FT","A",TRUE,"14.001"
"632",12,27,"FT","N",TRUE,"12.475"
"633",12,28,"FT","H",TRUE,"8.525"
"634",12,29,"FT","I",TRUE,"12.867"
"635",12,30,"FT","S",TRUE,"11.964"
"636",12,31,"FT","A",TRUE,"16.205"
"637",12,32,"FT","N",TRUE,"22.722"
"638",12,33,"FT","H",TRUE,"35.587"
"639",12,34,"FT","I",TRUE,"19.347"
"640",12,35,"FT","S",TRUE,"8.612"
"641",12,36,"FT","A",TRUE,"4.78"
"642",12,37,"FT","N",TRUE,"13.707"
"643",12,38,"FT","H",TRUE,"19.663"
"644",12,39,"FT","I",TRUE,"14.579"
"645",12,40,"FT","S",TRUE,"13.254"
"646",12,41,"FT","A",TRUE,"11.975"
"647",12,42,"FT","N",TRUE,"11.161"
"648",12,43,"FT","H",TRUE,"20.337"
"649",12,44,"FT","I",TRUE,"38.787"
"650",12,45,"FT","S",TRUE,"10.841"
"651",12,46,"FT","A",TRUE,"15.303"
"652",12,47,"FT","N",TRUE,"10.634"
"653",12,48,"FT","H",TRUE,"8.378"
"654",12,49,"FT","I",TRUE,"30.673"
"655",12,50,"FT","S",TRUE,"12.874"
"656",12,51,"FT","A",TRUE,"29.325"
"657",12,52,"FT","N",TRUE,"10.139"
"658",12,53,"FT","H",TRUE,"13.349"
"659",12,54,"FT","I",TRUE,"38.133"
"660",12,55,"FT","S",TRUE,"10.853"
"661",13,1,"CL","S",TRUE,"51.858"
"662",13,2,"CL","A",TRUE,"58.651"
"663",13,3,"CL","N",TRUE,"94.243"
"664",13,4,"CL","H",TRUE,"34.646"
"665",13,5,"CL","I",TRUE,"93.706"
"666",13,6,"CL","S",TRUE,"59.986"
"667",13,7,"CL","A",TRUE,"22.957"
"668",13,8,"CL","N",TRUE,"50.178"
"669",13,9,"CL","H",TRUE,"57.63"
"670",13,10,"CL","I",FALSE,"70.608"
"671",13,11,"CL","S",TRUE,"74.614"
"672",13,12,"CL","A",TRUE,"49.773"
"673",13,13,"CL","N",TRUE,"63.166"
"674",13,14,"CL","H",FALSE,"66.974"
"675",13,15,"CL","I",TRUE,"59.712"
"676",13,16,"CL","S",TRUE,"49.965"
"677",13,17,"CL","A",TRUE,"83.354"
"678",13,18,"CL","N",TRUE,"97.117"
"679",13,19,"CL","H",TRUE,"82.133"
"680",13,20,"CL","I",TRUE,"54.104"
"681",13,21,"CL","S",TRUE,"27.633"
"682",13,22,"CL","A",TRUE,"38.007"
"683",13,23,"CL","N",TRUE,"70.76"
"684",13,24,"CL","H",TRUE,"32.43"
"685",13,25,"CL","I",TRUE,"46.405"
"686",13,26,"CL","S",TRUE,"37.75"
"687",13,27,"CL","A",TRUE,"77.864"
"688",13,28,"CL","N",TRUE,"67.546"
"689",13,29,"CL","H",TRUE,"31.961"
"690",13,30,"CL","I",TRUE,"75.163"
"691",13,31,"CL","S",TRUE,"60.811"
"692",13,32,"CL","A",TRUE,"69.453"
"693",13,33,"CL","N",TRUE,"68.518"
"694",13,34,"CL","H",TRUE,"49.917"
"695",13,35,"CL","I",TRUE,"28.866"
"696",13,36,"CL","S",FALSE,"39.306"
"697",13,37,"CL","A",TRUE,"38.476"
"698",13,38,"CL","N",TRUE,"83.444"
"699",13,39,"CL","H",TRUE,"56.622"
"700",13,40,"CL","I",TRUE,"49.103"
"701",13,41,"CL","S",TRUE,"72.261"
"702",13,42,"CL","A",TRUE,"52.826"
"703",13,43,"CL","N",TRUE,"71.189"
"704",13,44,"CL","H",TRUE,"97.398"
"705",13,45,"CL","I",TRUE,"18.48"
"706",13,46,"CL","S",TRUE,"62.325"
"707",13,47,"CL","A",TRUE,"110.686"
"708",13,48,"CL","N",TRUE,"41.172"
"709",13,49,"CL","H",TRUE,"72.925"
"710",13,50,"CL","I",TRUE,"47.861"
"711",13,51,"CL","S",TRUE,"23.215"
"712",13,52,"CL","A",TRUE,"68.747"
"713",13,53,"CL","N",TRUE,"58.392"
"714",13,54,"CL","H",TRUE,"33.737"
"715",13,55,"CL","I",TRUE,"49.467"
"716",14,1,"CO","S",TRUE,"16.93"
"717",14,2,"CO","A",TRUE,"47.775"
"718",14,3,"CO","N",TRUE,"35.625"
"719",14,4,"CO","H",FALSE,"62.243"
"720",14,5,"CO","I",TRUE,"63.736"
"721",14,6,"CO","S",TRUE,"50.958"
"722",14,7,"CO","A",TRUE,"52.055"
"723",14,8,"CO","N",TRUE,"17.872"
"724",14,9,"CO","H",TRUE,"39.905"
"725",14,10,"CO","I",FALSE,"31.846"
"726",14,11,"CO","S",TRUE,"27.527"
"727",14,12,"CO","A",TRUE,"44.545"
"728",14,13,"CO","N",TRUE,"27.994"
"729",14,14,"CO","H",TRUE,"22.793"
"730",14,15,"CO","I",TRUE,"41.686"
"731",14,16,"CO","S",TRUE,"34.495"
"732",14,17,"CO","A",TRUE,"19.907"
"733",14,18,"CO","N",TRUE,"56.325"
"734",14,19,"CO","H",TRUE,"15.948"
"735",14,20,"CO","I",TRUE,"21.163"
"736",14,21,"CO","S",TRUE,"26.616"
"737",14,22,"CO","A",TRUE,"31.493"
"738",14,23,"CO","N",TRUE,"50.051"
"739",14,24,"CO","H",TRUE,"10.327"
"740",14,25,"CO","I",TRUE,"28.458"
"741",14,26,"CO","S",TRUE,"45.097"
"742",14,27,"CO","A",TRUE,"24.157"
"743",14,28,"CO","N",TRUE,"48.31"
"744",14,29,"CO","H",TRUE,"60.452"
"745",14,30,"CO","I",TRUE,"49.414"
"746",14,31,"CO","S",TRUE,"28.088"
"747",14,32,"CO","A",TRUE,"52.106"
"748",14,33,"CO","N",TRUE,"16.843"
"749",14,34,"CO","H",TRUE,"28.939"
"750",14,35,"CO","I",TRUE,"36.53"
"751",14,36,"CO","S",TRUE,"32.202"
"752",14,37,"CO","A",TRUE,"12.65"
"753",14,38,"CO","N",TRUE,"40.219"
"754",14,39,"CO","H",FALSE,"22.773"
"755",14,40,"CO","I",TRUE,"82.461"
"756",14,41,"CO","S",TRUE,"64.243"
"757",14,42,"CO","A",TRUE,"14.141"
"758",14,43,"CO","N",TRUE,"24.634"
"759",14,44,"CO","H",TRUE,"40.206"
"760",14,45,"CO","I",TRUE,"26.927"
"761",14,46,"CO","S",TRUE,"24.63"
"762",14,47,"CO","A",TRUE,"20.159"
"763",14,48,"CO","N",TRUE,"36.832"
"764",14,49,"CO","H",TRUE,"43.346"
"765",14,50,"CO","I",TRUE,"89.59"
"766",14,51,"CO","S",TRUE,"33.065"
"767",14,52,"CO","A",TRUE,"21.333"
"768",14,53,"CO","N",TRUE,"18.598"
"769",14,54,"CO","H",TRUE,"32.552"
"770",14,55,"CO","I",TRUE,"32.648"
"771",15,1,"FT","H",TRUE,"37.168"
"772",15,2,"FT","I",TRUE,"33.175"
"773",15,3,"FT","S",TRUE,"29.519"
"774",15,4,"FT","A",TRUE,"38.662"
"775",15,5,"FT","N",TRUE,"25.309"
"776",15,6,"FT","H",TRUE,"51.684"
"777",15,7,"FT","I",TRUE,"12.069"
"778",15,8,"FT","S",TRUE,"34.12"
"779",15,9,"FT","A",TRUE,"26.618"
"780",15,10,"FT","N",TRUE,"24.888"
"781",15,11,"FT","H",TRUE,"41.618"
"782",15,12,"FT","I",TRUE,"50.546"
"783",15,13,"FT","S",TRUE,"42.68"
"784",15,14,"FT","A",TRUE,"27.824"
"785",15,15,"FT","N",TRUE,"24.576"
"786",15,16,"FT","H",TRUE,"31.628"
"787",15,17,"FT","I",TRUE,"53.253"
"788",15,18,"FT","S",TRUE,"77.274"
"789",15,19,"FT","A",TRUE,"37.613"
"790",15,20,"FT","N",TRUE,"30.66"
"791",15,21,"FT","H",TRUE,"38.344"
"792",15,22,"FT","I",TRUE,"34.21"
"793",15,23,"FT","S",TRUE,"35.925"
"794",15,24,"FT","A",TRUE,"15.474"
"795",15,25,"FT","N",TRUE,"37.675"
"796",15,26,"FT","H",TRUE,"34.009"
"797",15,27,"FT","I",TRUE,"109.736"
"798",15,28,"FT","S",TRUE,"49.556"
"799",15,29,"FT","A",TRUE,"19.015"
"800",15,30,"FT","N",TRUE,"25.353"
"801",15,31,"FT","H",TRUE,"33.964"
"802",15,32,"FT","I",TRUE,"37.375"
"803",15,33,"FT","S",TRUE,"30.512"
"804",15,34,"FT","A",TRUE,"27.466"
"805",15,35,"FT","N",TRUE,"25.006"
"806",15,36,"FT","H",TRUE,"11.011"
"807",15,37,"FT","I",TRUE,"20.263"
"808",15,38,"FT","S",TRUE,"55.699"
"809",15,39,"FT","A",TRUE,"113.151"
"810",15,40,"FT","N",TRUE,"88.376"
"811",15,41,"FT","H",TRUE,"30.477"
"812",15,42,"FT","I",TRUE,"26.646"
"813",15,43,"FT","S",TRUE,"42.453"
"814",15,44,"FT","A",TRUE,"46.206"
"815",15,45,"FT","N",TRUE,"33.239"
"816",15,46,"FT","H",TRUE,"56.8"
"817",15,47,"FT","I",TRUE,"20.438"
"818",15,48,"FT","S",TRUE,"41.043"
"819",15,49,"FT","A",TRUE,"30.26"
"820",15,50,"FT","N",TRUE,"53.855"
"821",15,51,"FT","H",TRUE,"72.657"
"822",15,52,"FT","I",TRUE,"50.832"
"823",15,53,"FT","S",TRUE,"38.293"
"824",15,54,"FT","A",TRUE,"37.979"
"825",15,55,"FT","N",TRUE,"71.87"
"826",16,1,"FA","H",TRUE,"37.322"
"827",16,2,"FA","I",TRUE,"28.604"
"828",16,3,"FA","S",TRUE,"34.648"
"829",16,4,"FA","A",TRUE,"15.636"
"830",16,5,"FA","N",TRUE,"16.906"
"831",16,6,"FA","H",TRUE,"33.739"
"832",16,7,"FA","I",TRUE,"19.41"
"833",16,8,"FA","S",TRUE,"34.77"
"834",16,9,"FA","A",TRUE,"15.785"
"835",16,10,"FA","N",TRUE,"32.422"
"836",16,11,"FA","H",TRUE,"19.212"
"837",16,12,"FA","I",TRUE,"53.348"
"838",16,13,"FA","S",TRUE,"49.467"
"839",16,14,"FA","A",TRUE,"30.08"
"840",16,15,"FA","N",TRUE,"34.984"
"841",16,16,"FA","H",FALSE,"28.12"
"842",16,17,"FA","I",TRUE,"24.068"
"843",16,18,"FA","S",TRUE,"33.992"
"844",16,19,"FA","A",TRUE,"47.43"
"845",16,20,"FA","N",TRUE,"16.873"
"846",16,21,"FA","H",TRUE,"13.559"
"847",16,22,"FA","I",TRUE,"40.771"
"848",16,23,"FA","S",TRUE,"23.607"
"849",16,24,"FA","A",TRUE,"22.617"
"850",16,25,"FA","N",TRUE,"56.913"
"851",16,26,"FA","H",TRUE,"15.199"
"852",16,27,"FA","I",TRUE,"24.118"
"853",16,28,"FA","S",TRUE,"40.43"
"854",16,29,"FA","A",TRUE,"21.163"
"855",16,30,"FA","N",TRUE,"19.248"
"856",16,31,"FA","H",TRUE,"17.793"
"857",16,32,"FA","I",TRUE,"26.321"
"858",16,33,"FA","S",TRUE,"28.208"
"859",16,34,"FA","A",TRUE,"22.235"
"860",16,35,"FA","N",TRUE,"21.268"
"861",16,36,"FA","H",TRUE,"21.284"
"862",16,37,"FA","I",TRUE,"19.522"
"863",16,38,"FA","S",TRUE,"26.434"
"864",16,39,"FA","A",TRUE,"23.298"
"865",16,40,"FA","N",TRUE,"13.635"
"866",16,41,"FA","H",TRUE,"22.581"
"867",16,42,"FA","I",TRUE,"20.104"
"868",16,43,"FA","S",TRUE,"29.455"
"869",16,44,"FA","A",FALSE,"23.606"
"870",16,45,"FA","N",TRUE,"16.654"
"871",16,46,"FA","H",FALSE,"23.732"
"872",16,47,"FA","I",TRUE,"28.067"
"873",16,48,"FA","S",TRUE,"16.948"
"874",16,49,"FA","A",FALSE,"37.44"
"875",16,50,"FA","N",TRUE,"25.275"
"876",16,51,"FA","H",TRUE,"55.062"
"877",16,52,"FA","I",FALSE,"24.796"
"878",16,53,"FA","S",TRUE,"26.157"
"879",16,54,"FA","A",TRUE,"15.968"
"880",16,55,"FA","N",TRUE,"25.319"
"881",17,1,"CO","H",TRUE,"20.067"
"882",17,2,"CO","I",TRUE,"42.035"
"883",17,3,"CO","S",TRUE,"38.166"
"884",17,4,"CO","A",TRUE,"21.391"
"885",17,5,"CO","N",TRUE,"28.312"
"886",17,6,"CO","H",TRUE,"21.843"
"887",17,7,"CO","I",TRUE,"40.481"
"888",17,8,"CO","S",TRUE,"12.78"
"889",17,9,"CO","A",TRUE,"27.086"
"890",17,10,"CO","N",TRUE,"15.357"
"891",17,11,"CO","H",TRUE,"30.134"
"892",17,12,"CO","I",TRUE,"40.289"
"893",17,13,"CO","S",TRUE,"39.557"
"894",17,14,"CO","A",TRUE,"22.778"
"895",17,15,"CO","N",TRUE,"37.595"
"896",17,16,"CO","H",TRUE,"30.451"
"897",17,17,"CO","I",TRUE,"35.798"
"898",17,18,"CO","S",TRUE,"36.436"
"899",17,19,"CO","A",TRUE,"38.616"
"900",17,20,"CO","N",TRUE,"40.771"
"901",17,21,"CO","H",TRUE,"22.118"
"902",17,22,"CO","I",TRUE,"38.057"
"903",17,23,"CO","S",TRUE,"45.307"
"904",17,24,"CO","A",TRUE,"20.335"
"905",17,25,"CO","N",FALSE,"32.712"
"906",17,26,"CO","H",TRUE,"44.324"
"907",17,27,"CO","I",TRUE,"41.044"
"908",17,28,"CO","S",TRUE,"31.916"
"909",17,29,"CO","A",TRUE,"33.803"
"910",17,30,"CO","N",TRUE,"28.876"
"911",17,31,"CO","H",TRUE,"16.257"
"912",17,32,"CO","I",TRUE,"45.99"
"913",17,33,"CO","S",TRUE,"49.081"
"914",17,34,"CO","A",TRUE,"19.264"
"915",17,35,"CO","N",TRUE,"23.494"
"916",17,36,"CO","H",TRUE,"17.868"
"917",17,37,"CO","I",TRUE,"24.465"
"918",17,38,"CO","S",TRUE,"32.157"
"919",17,39,"CO","A",TRUE,"31.32"
"920",17,40,"CO","N",TRUE,"25.909"
"921",17,41,"CO","H",TRUE,"33.221"
"922",17,42,"CO","I",TRUE,"22.874"
"923",17,43,"CO","S",TRUE,"30.715"
"924",17,44,"CO","A",TRUE,"48.815"
"925",17,45,"CO","N",TRUE,"17.081"
"926",17,46,"CO","H",TRUE,"20.919"
"927",17,47,"CO","I",TRUE,"26.655"
"928",17,48,"CO","S",TRUE,"27.607"
"929",17,49,"CO","A",TRUE,"22.822"
"930",17,50,"CO","N",TRUE,"21.234"
"931",17,51,"CO","H",TRUE,"23.216"
"932",17,52,"CO","I",TRUE,"26.835"
"933",17,53,"CO","S",TRUE,"24.243"
"934",17,54,"CO","A",TRUE,"23.096"
"935",17,55,"CO","N",TRUE,"25.546"
"936",18,1,"SU","N",FALSE,"76.289"
"937",18,2,"SU","H",FALSE,"84.925"
"938",18,3,"SU","I",TRUE,"80.794"
"939",18,4,"SU","S",TRUE,"45.127"
"940",18,5,"SU","A",FALSE,"48.479"
"941",18,6,"SU","N",FALSE,"30.683"
"942",18,7,"SU","H",FALSE,"49.33"
"943",18,8,"SU","I",FALSE,"21.319"
"944",18,9,"SU","S",FALSE,"50.448"
"945",18,10,"SU","A",FALSE,"27.386"
"946",18,11,"SU","N",FALSE,"29.57"
"947",18,12,"SU","H",FALSE,"53.708"
"948",18,13,"SU","I",TRUE,"69.215"
"949",18,14,"SU","S",TRUE,"45.573"
"950",18,15,"SU","A",FALSE,"77.011"
"951",18,16,"SU","N",FALSE,"45.257"
"952",18,17,"SU","H",TRUE,"42.18"
"953",18,18,"SU","I",FALSE,"50.509"
"954",18,19,"SU","S",TRUE,"46.491"
"955",18,20,"SU","A",FALSE,"31.889"
"956",18,21,"SU","N",FALSE,"42.007"
"957",18,22,"SU","H",FALSE,"28.664"
"958",18,23,"SU","I",FALSE,"21.395"
"959",18,24,"SU","S",FALSE,"27.181"
"960",18,25,"SU","A",TRUE,"66.438"
"961",18,26,"SU","N",TRUE,"30.258"
"962",18,27,"SU","H",FALSE,"56.947"
"963",18,28,"SU","I",FALSE,"35.64"
"964",18,29,"SU","S",TRUE,"26.802"
"965",18,30,"SU","A",FALSE,"40.434"
"966",18,31,"SU","N",FALSE,"42.065"
"967",18,32,"SU","H",FALSE,"29.653"
"968",18,33,"SU","I",TRUE,"126.744"
"969",18,34,"SU","S",TRUE,"41.898"
"970",18,35,"SU","A",TRUE,"42.544"
"971",18,36,"SU","N",FALSE,"18.703"
"972",18,37,"SU","H",FALSE,"18.956"
"973",18,38,"SU","I",FALSE,"34.613"
"974",18,39,"SU","S",TRUE,"28.263"
"975",18,40,"SU","A",FALSE,"50.058"
"976",18,41,"SU","N",FALSE,"47.722"
"977",18,42,"SU","H",FALSE,"22.138"
"978",18,43,"SU","I",FALSE,"90.475"
"979",18,44,"SU","S",TRUE,"54.68"
"980",18,45,"SU","A",TRUE,"44.768"
"981",18,46,"SU","N",FALSE,"42.997"
"982",18,47,"SU","H",FALSE,"51.925"
"983",18,48,"SU","I",FALSE,"30.716"
"984",18,49,"SU","S",TRUE,"24.061"
"985",18,50,"SU","A",TRUE,"34.255"
"986",18,51,"SU","N",FALSE,"27.307"
"987",18,52,"SU","H",FALSE,"42.784"
"988",18,53,"SU","I",FALSE,"76.731"
"989",18,54,"SU","S",TRUE,"41.711"
"990",18,55,"SU","A",TRUE,"61.812"
"991",19,1,"RE","A",TRUE,"17.005"
"992",19,2,"RE","N",TRUE,"14.194"
"993",19,3,"RE","H",TRUE,"10.705"
"994",19,4,"RE","I",TRUE,"8.063"
"995",19,5,"RE","S",TRUE,"13.353"
"996",19,6,"RE","A",TRUE,"9.651"
"997",19,7,"RE","N",TRUE,"9.445"
"998",19,8,"RE","H",TRUE,"9.214"
"999",19,9,"RE","I",TRUE,"6.154"
"1000",19,10,"RE","S",TRUE,"9.071"
"1001",19,11,"RE","A",TRUE,"7.778"
"1002",19,12,"RE","N",TRUE,"14.87"
"1003",19,13,"RE","H",TRUE,"17.305"
"1004",19,14,"RE","I",TRUE,"6.716"
"1005",19,15,"RE","S",TRUE,"12.752"
"1006",19,16,"RE","A",TRUE,"12.359"
"1007",19,17,"RE","N",TRUE,"13.035"
"1008",19,18,"RE","H",TRUE,"14.449"
"1009",19,19,"RE","I",TRUE,"11.646"
"1010",19,20,"RE","S",TRUE,"8.595"
"1011",19,21,"RE","A",TRUE,"10.739"
"1012",19,22,"RE","N",TRUE,"10.029"
"1013",19,23,"RE","H",TRUE,"21.975"
"1014",19,24,"RE","I",TRUE,"7.495"
"1015",19,25,"RE","S",TRUE,"17.719"
"1016",19,26,"RE","A",TRUE,"8.966"
"1017",19,27,"RE","N",TRUE,"18.805"
"1018",19,28,"RE","H",TRUE,"12.274"
"1019",19,29,"RE","I",TRUE,"82.588"
"1020",19,30,"RE","S",TRUE,"9.193"
"1021",19,31,"RE","A",TRUE,"7.714"
"1022",19,32,"RE","N",TRUE,"19.806"
"1023",19,33,"RE","H",TRUE,"15.358"
"1024",19,34,"RE","I",TRUE,"8.709"
"1025",19,35,"RE","S",TRUE,"15.619"
"1026",19,36,"RE","A",TRUE,"8.587"
"1027",19,37,"RE","N",TRUE,"8.349"
"1028",19,38,"RE","H",TRUE,"11.061"
"1029",19,39,"RE","I",TRUE,"8.56"
"1030",19,40,"RE","S",TRUE,"9.593"
"1031",19,41,"RE","A",TRUE,"9.466"
"1032",19,42,"RE","N",TRUE,"8.019"
"1033",19,43,"RE","H",TRUE,"9.676"
"1034",19,44,"RE","I",TRUE,"12.48"
"1035",19,45,"RE","S",TRUE,"6.89"
"1036",19,46,"RE","A",TRUE,"17.318"
"1037",19,47,"RE","N",TRUE,"10.383"
"1038",19,48,"RE","H",TRUE,"6.808"
"1039",19,49,"RE","I",TRUE,"13.878"
"1040",19,50,"RE","S",TRUE,"8.678"
"1041",19,51,"RE","A",TRUE,"7.484"
"1042",19,52,"RE","N",TRUE,"9.553"
"1043",19,53,"RE","H",TRUE,"12.838"
"1044",19,54,"RE","I",TRUE,"9.484"
"1045",19,55,"RE","S",TRUE,"12.905"
"1046",20,1,"FT","S",TRUE,"25.512"
"1047",20,2,"FT","A",TRUE,"18.617"
"1048",20,3,"FT","N",TRUE,"9.933"
"1049",20,4,"FT","H",TRUE,"30.454"
"1050",20,5,"FT","I",TRUE,"12.399"
"1051",20,6,"FT","S",TRUE,"9.531"
"1052",20,7,"FT","A",TRUE,"19.943"
"1053",20,8,"FT","N",TRUE,"7.228"
"1054",20,9,"FT","H",TRUE,"16.111"
"1055",20,10,"FT","I",TRUE,"14.48"
"1056",20,11,"FT","S",TRUE,"5.79"
"1057",20,12,"FT","A",TRUE,"53.739"
"1058",20,13,"FT","N",TRUE,"16.946"
"1059",20,14,"FT","H",TRUE,"11.369"
"1060",20,15,"FT","I",TRUE,"35.312"
"1061",20,16,"FT","S",TRUE,"26.391"
"1062",20,17,"FT","A",TRUE,"18.49"
"1063",20,18,"FT","N",TRUE,"23.633"
"1064",20,19,"FT","H",TRUE,"33.032"
"1065",20,20,"FT","I",TRUE,"9.767"
"1066",20,21,"FT","S",TRUE,"7.275"
"1067",20,22,"FT","A",TRUE,"17.318"
"1068",20,23,"FT","N",TRUE,"8.693"
"1069",20,24,"FT","H",TRUE,"19.941"
"1070",20,25,"FT","I",TRUE,"34.487"
"1071",20,26,"FT","S",TRUE,"14.588"
"1072",20,27,"FT","A",TRUE,"46.822"
"1073",20,28,"FT","N",TRUE,"12.072"
"1074",20,29,"FT","H",TRUE,"22.075"
"1075",20,30,"FT","I",TRUE,"9.62"
"1076",20,31,"FT","S",TRUE,"45.785"
"1077",20,32,"FT","A",TRUE,"18.124"
"1078",20,33,"FT","N",TRUE,"38.608"
"1079",20,34,"FT","H",TRUE,"15.017"
"1080",20,35,"FT","I",TRUE,"7.641"
"1081",20,36,"FT","S",TRUE,"8.299"
"1082",20,37,"FT","A",TRUE,"10.643"
"1083",20,38,"FT","N",TRUE,"13.862"
"1084",20,39,"FT","H",TRUE,"22.791"
"1085",20,40,"FT","I",TRUE,"14.643"
"1086",20,41,"FT","S",TRUE,"12.715"
"1087",20,42,"FT","A",TRUE,"11.463"
"1088",20,43,"FT","N",TRUE,"6.365"
"1089",20,44,"FT","H",TRUE,"25.517"
"1090",20,45,"FT","I",TRUE,"28.018"
"1091",20,46,"FT","S",TRUE,"15.438"
"1092",20,47,"FT","A",TRUE,"34.633"
"1093",20,48,"FT","N",TRUE,"13.787"
"1094",20,49,"FT","H",TRUE,"15.125"
"1095",20,50,"FT","I",TRUE,"19.322"
"1096",20,51,"FT","S",TRUE,"7.381"
"1097",20,52,"FT","A",TRUE,"7.973"
"1098",20,53,"FT","N",TRUE,"12.425"
"1099",20,54,"FT","H",TRUE,"12.246"
"1100",20,55,"FT","I",TRUE,"20.086"
"1101",21,1,"CL","I",TRUE,"39.355"
"1102",21,2,"CL","S",TRUE,"78.148"
"1103",21,3,"CL","A",TRUE,"62.377"
"1104",21,4,"CL","N",TRUE,"69.968"
"1105",21,5,"CL","H",TRUE,"19.268"
"1106",21,6,"CL","I",TRUE,"54.7"
"1107",21,7,"CL","S",TRUE,"44.071"
"1108",21,8,"CL","A",TRUE,"49.867"
"1109",21,9,"CL","N",TRUE,"28.503"
"1110",21,10,"CL","H",TRUE,"107.586"
"1111",21,11,"CL","I",TRUE,"34.513"
"1112",21,12,"CL","S",TRUE,"114.427"
"1113",21,13,"CL","A",TRUE,"51.077"
"1114",21,14,"CL","N",TRUE,"18.139"
"1115",21,15,"CL","H",TRUE,"65.736"
"1116",21,16,"CL","I",TRUE,"33.637"
"1117",21,17,"CL","S",TRUE,"94.383"
"1118",21,18,"CL","A",TRUE,"67.831"
"1119",21,19,"CL","N",TRUE,"66.388"
"1120",21,20,"CL","H",TRUE,"67.427"
"1121",21,21,"CL","I",TRUE,"25.092"
"1122",21,22,"CL","S",TRUE,"74.113"
"1123",21,23,"CL","A",TRUE,"75.706"
"1124",21,24,"CL","N",TRUE,"37.714"
"1125",21,25,"CL","H",TRUE,"156.142"
"1126",21,26,"CL","I",TRUE,"49.078"
"1127",21,27,"CL","S",TRUE,"50.261"
"1128",21,28,"CL","A",TRUE,"49.067"
"1129",21,29,"CL","N",TRUE,"12.535"
"1130",21,30,"CL","H",TRUE,"49.747"
"1131",21,31,"CL","I",TRUE,"54.651"
"1132",21,32,"CL","S",TRUE,"108.747"
"1133",21,33,"CL","A",TRUE,"76.051"
"1134",21,34,"CL","N",TRUE,"59.66"
"1135",21,35,"CL","H",TRUE,"44.471"
"1136",21,36,"CL","I",TRUE,"29.489"
"1137",21,37,"CL","S",TRUE,"31.31"
"1138",21,38,"CL","A",TRUE,"115.288"
"1139",21,39,"CL","N",FALSE,"51.492"
"1140",21,40,"CL","H",TRUE,"104.329"
"1141",21,41,"CL","I",TRUE,"20.967"
"1142",21,42,"CL","S",TRUE,"25.108"
"1143",21,43,"CL","A",TRUE,"24.024"
"1144",21,44,"CL","N",FALSE,"47.166"
"1145",21,45,"CL","H",TRUE,"50.758"
"1146",21,46,"CL","I",TRUE,"76.747"
"1147",21,47,"CL","S",TRUE,"77.636"
"1148",21,48,"CL","A",TRUE,"44.32"
"1149",21,49,"CL","N",TRUE,"99.376"
"1150",21,50,"CL","H",TRUE,"51.248"
"1151",21,51,"CL","I",TRUE,"47.02"
"1152",21,52,"CL","S",FALSE,"62.435"
"1153",21,53,"CL","A",TRUE,"65.479"
"1154",21,54,"CL","N",TRUE,"38.106"
"1155",21,55,"CL","H",TRUE,"38.506"
"1156",22,1,"SU","S",TRUE,"42.86"
"1157",22,2,"SU","A",TRUE,"47.777"
"1158",22,3,"SU","N",TRUE,"28.135"
"1159",22,4,"SU","H",FALSE,"28.373"
"1160",22,5,"SU","I",FALSE,"23.932"
"1161",22,6,"SU","S",TRUE,"28.066"
"1162",22,7,"SU","A",TRUE,"30.029"
"1163",22,8,"SU","N",FALSE,"36.295"
"1164",22,9,"SU","H",FALSE,"20.109"
"1165",22,10,"SU","I",FALSE,"17.008"
"1166",22,11,"SU","S",TRUE,"22.568"
"1167",22,12,"SU","A",TRUE,"32.536"
"1168",22,13,"SU","N",FALSE,"50.402"
"1169",22,14,"SU","H",TRUE,"18.176"
"1170",22,15,"SU","I",TRUE,"52.211"
"1171",22,16,"SU","S",FALSE,"33.754"
"1172",22,17,"SU","A",TRUE,"29.393"
"1173",22,18,"SU","N",TRUE,"23.258"
"1174",22,19,"SU","H",FALSE,"71.975"
"1175",22,20,"SU","I",FALSE,"25.181"
"1176",22,21,"SU","S",TRUE,"35.488"
"1177",22,22,"SU","A",FALSE,"36.381"
"1178",22,23,"SU","N",FALSE,"18.512"
"1179",22,24,"SU","H",FALSE,"23.006"
"1180",22,25,"SU","I",TRUE,"33.59"
"1181",22,26,"SU","S",TRUE,"22.098"
"1182",22,27,"SU","A",TRUE,"26.75"
"1183",22,28,"SU","N",FALSE,"17.921"
"1184",22,29,"SU","H",TRUE,"41.103"
"1185",22,30,"SU","I",FALSE,"43.361"
"1186",22,31,"SU","S",TRUE,"27.153"
"1187",22,32,"SU","A",TRUE,"39.86"
"1188",22,33,"SU","N",TRUE,"41.704"
"1189",22,34,"SU","H",TRUE,"30.417"
"1190",22,35,"SU","I",FALSE,"31.494"
"1191",22,36,"SU","S",FALSE,"23.466"
"1192",22,37,"SU","A",TRUE,"23.839"
"1193",22,38,"SU","N",TRUE,"18.125"
"1194",22,39,"SU","H",TRUE,"18.184"
"1195",22,40,"SU","I",TRUE,"27.426"
"1196",22,41,"SU","S",TRUE,"29.109"
"1197",22,42,"SU","A",FALSE,"24.785"
"1198",22,43,"SU","N",FALSE,"47.764"
"1199",22,44,"SU","H",TRUE,"37.48"
"1200",22,45,"SU","I",FALSE,"23.276"
"1201",22,46,"SU","S",FALSE,"34.73"
"1202",22,47,"SU","A",TRUE,"27"
"1203",22,48,"SU","N",TRUE,"41.125"
"1204",22,49,"SU","H",FALSE,"30.016"
"1205",22,50,"SU","I",FALSE,"26.294"
"1206",22,51,"SU","S",FALSE,"24.918"
"1207",22,52,"SU","A",TRUE,"23.292"
"1208",22,53,"SU","N",FALSE,"90.303"
"1209",22,54,"SU","H",TRUE,"16.891"
"1210",22,55,"SU","I",FALSE,"49.556"
"1211",23,1,"FA","S",TRUE,"18.499"
"1212",23,2,"FA","A",TRUE,"15.136"
"1213",23,3,"FA","N",TRUE,"16.689"
"1214",23,4,"FA","H",TRUE,"26.545"
"1215",23,5,"FA","I",TRUE,"17.448"
"1216",23,6,"FA","S",TRUE,"23.498"
"1217",23,7,"FA","A",TRUE,"20.355"
"1218",23,8,"FA","N",TRUE,"26.328"
"1219",23,9,"FA","H",TRUE,"10.374"
"1220",23,10,"FA","I",TRUE,"23.459"
"1221",23,11,"FA","S",TRUE,"10.135"
"1222",23,12,"FA","A",TRUE,"20.264"
"1223",23,13,"FA","N",TRUE,"35.648"
"1224",23,14,"FA","H",TRUE,"7.161"
"1225",23,15,"FA","I",TRUE,"32.893"
"1226",23,16,"FA","S",TRUE,"22.116"
"1227",23,17,"FA","A",TRUE,"11.095"
"1228",23,18,"FA","N",TRUE,"16.663"
"1229",23,19,"FA","H",TRUE,"24.335"
"1230",23,20,"FA","I",TRUE,"10.661"
"1231",23,21,"FA","S",TRUE,"12.207"
"1232",23,22,"FA","A",TRUE,"20.698"
"1233",23,23,"FA","N",TRUE,"14.904"
"1234",23,24,"FA","H",TRUE,"11.66"
"1235",23,25,"FA","I",TRUE,"19.014"
"1236",23,26,"FA","S",TRUE,"15.25"
"1237",23,27,"FA","A",TRUE,"15.101"
"1238",23,28,"FA","N",TRUE,"16.943"
"1239",23,29,"FA","H",TRUE,"36.489"
"1240",23,30,"FA","I",TRUE,"14.866"
"1241",23,31,"FA","S",TRUE,"25.646"
"1242",23,32,"FA","A",TRUE,"30.343"
"1243",23,33,"FA","N",TRUE,"30.893"
"1244",23,34,"FA","H",TRUE,"38.782"
"1245",23,35,"FA","I",TRUE,"22.64"
"1246",23,36,"FA","S",TRUE,"21.659"
"1247",23,37,"FA","A",TRUE,"16.575"
"1248",23,38,"FA","N",FALSE,"109.158"
"1249",23,39,"FA","H",TRUE,"19.034"
"1250",23,40,"FA","I",TRUE,"28.787"
"1251",23,41,"FA","S",TRUE,"15.392"
"1252",23,42,"FA","A",TRUE,"21.846"
"1253",23,43,"FA","N",TRUE,"23.764"
"1254",23,44,"FA","H",TRUE,"31.22"
"1255",23,45,"FA","I",TRUE,"22.786"
"1256",23,46,"FA","S",TRUE,"17.168"
"1257",23,47,"FA","A",TRUE,"18.013"
"1258",23,48,"FA","N",TRUE,"25.418"
"1259",23,49,"FA","H",TRUE,"21.44"
"1260",23,50,"FA","I",TRUE,"11.19"
"1261",23,51,"FA","S",TRUE,"23.045"
"1262",23,52,"FA","A",TRUE,"16.877"
"1263",23,53,"FA","N",TRUE,"9.533"
"1264",23,54,"FA","H",TRUE,"29.71"
"1265",23,55,"FA","I",TRUE,"37.808"
"1266",24,1,"RE","H",TRUE,"8.341"
"1267",24,2,"RE","I",TRUE,"19.483"
"1268",24,3,"RE","S",TRUE,"21.799"
"1269",24,4,"RE","A",TRUE,"9.799"
"1270",24,5,"RE","N",TRUE,"10.92"
"1271",24,6,"RE","H",TRUE,"11.383"
"1272",24,7,"RE","I",TRUE,"9.579"
"1273",24,8,"RE","S",TRUE,"8.632"
"1274",24,9,"RE","A",TRUE,"12.156"
"1275",24,10,"RE","N",TRUE,"9.259"
"1276",24,11,"RE","H",TRUE,"8.483"
"1277",24,12,"RE","I",TRUE,"17.858"
"1278",24,13,"RE","S",TRUE,"9.874"
"1279",24,14,"RE","A",TRUE,"6.947"
"1280",24,15,"RE","N",TRUE,"12.935"
"1281",24,16,"RE","H",TRUE,"16.608"
"1282",24,17,"RE","I",TRUE,"5.759"
"1283",24,18,"RE","S",TRUE,"17.274"
"1284",24,19,"RE","A",TRUE,"12.302"
"1285",24,20,"RE","N",TRUE,"20.847"
"1286",24,21,"RE","H",TRUE,"6.592"
"1287",24,22,"RE","I",TRUE,"12.461"
"1288",24,23,"RE","S",TRUE,"11.404"
"1289",24,24,"RE","A",TRUE,"5.647"
"1290",24,25,"RE","N",TRUE,"12.688"
"1291",24,26,"RE","H",TRUE,"7.575"
"1292",24,27,"RE","I",TRUE,"7.356"
"1293",24,28,"RE","S",TRUE,"16.54"
"1294",24,29,"RE","A",TRUE,"8.916"
"1295",24,30,"RE","N",TRUE,"17.218"
"1296",24,31,"RE","H",TRUE,"9.604"
"1297",24,32,"RE","I",TRUE,"6.639"
"1298",24,33,"RE","S",TRUE,"20.463"
"1299",24,34,"RE","A",TRUE,"14.328"
"1300",24,35,"RE","N",TRUE,"32.419"
"1301",24,36,"RE","H",TRUE,"5.417"
"1302",24,37,"RE","I",TRUE,"4.563"
"1303",24,38,"RE","S",TRUE,"11.974"
"1304",24,39,"RE","A",TRUE,"10.076"
"1305",24,40,"RE","N",TRUE,"10.54"
"1306",24,41,"RE","H",TRUE,"17.37"
"1307",24,42,"RE","I",TRUE,"4.818"
"1308",24,43,"RE","S",TRUE,"5.757"
"1309",24,44,"RE","A",TRUE,"14.742"
"1310",24,45,"RE","N",TRUE,"10.644"
"1311",24,46,"RE","H",TRUE,"16.6"
"1312",24,47,"RE","I",TRUE,"7.379"
"1313",24,48,"RE","S",TRUE,"14.429"
"1314",24,49,"RE","A",TRUE,"6.949"
"1315",24,50,"RE","N",TRUE,"17.444"
"1316",24,51,"RE","H",TRUE,"8.173"
"1317",24,52,"RE","I",TRUE,"6.483"
"1318",24,53,"RE","S",TRUE,"18.232"
"1319",24,54,"RE","A",TRUE,"7.916"
"1320",24,55,"RE","N",TRUE,"14.579"
"1321",25,1,"SU","A",TRUE,"39.194"
"1322",25,2,"SU","N",FALSE,"58.611"
"1323",25,3,"SU","H",TRUE,"31.412"
"1324",25,4,"SU","I",TRUE,"21.052"
"1325",25,5,"SU","S",TRUE,"40.943"
"1326",25,6,"SU","A",TRUE,"24.086"
"1327",25,7,"SU","N",TRUE,"17.275"
"1328",25,8,"SU","H",FALSE,"15.007"
"1329",25,9,"SU","I",FALSE,"46.058"
"1330",25,10,"SU","S",TRUE,"33.421"
"1331",25,11,"SU","A",TRUE,"25.812"
"1332",25,12,"SU","N",TRUE,"24.565"
"1333",25,13,"SU","H",TRUE,"60.476"
"1334",25,14,"SU","I",FALSE,"13.032"
"1335",25,15,"SU","S",TRUE,"19.826"
"1336",25,16,"SU","A",TRUE,"36.808"
"1337",25,17,"SU","N",FALSE,"37.699"
"1338",25,18,"SU","H",TRUE,"52.233"
"1339",25,19,"SU","I",TRUE,"33.878"
"1340",25,20,"SU","S",TRUE,"24.194"
"1341",25,21,"SU","A",FALSE,"15.7"
"1342",25,22,"SU","N",FALSE,"30.935"
"1343",25,23,"SU","H",FALSE,"19.906"
"1344",25,24,"SU","I",FALSE,"17.854"
"1345",25,25,"SU","S",TRUE,"64.144"
"1346",25,26,"SU","A",TRUE,"44.245"
"1347",25,27,"SU","N",FALSE,"19.376"
"1348",25,28,"SU","H",TRUE,"45.253"
"1349",25,29,"SU","I",TRUE,"18.697"
"1350",25,30,"SU","S",TRUE,"26.38"
"1351",25,31,"SU","A",TRUE,"28.63"
"1352",25,32,"SU","N",TRUE,"33.567"
"1353",25,33,"SU","H",TRUE,"56.009"
"1354",25,34,"SU","I",TRUE,"22.303"
"1355",25,35,"SU","S",FALSE,"26.791"
"1356",25,36,"SU","A",TRUE,"18.685"
"1357",25,37,"SU","N",FALSE,"22.914"
"1358",25,38,"SU","H",TRUE,"13.931"
"1359",25,39,"SU","I",FALSE,"23.404"
"1360",25,40,"SU","S",TRUE,"30.296"
"1361",25,41,"SU","A",TRUE,"31.844"
"1362",25,42,"SU","N",FALSE,"9.065"
"1363",25,43,"SU","H",TRUE,"28.514"
"1364",25,44,"SU","I",FALSE,"67.277"
"1365",25,45,"SU","S",TRUE,"39.094"
"1366",25,46,"SU","A",TRUE,"21.766"
"1367",25,47,"SU","N",FALSE,"26.374"
"1368",25,48,"SU","H",FALSE,"20.057"
"1369",25,49,"SU","I",FALSE,"24.973"
"1370",25,50,"SU","S",TRUE,"28.628"
"1371",25,51,"SU","A",TRUE,"22.64"
"1372",25,52,"SU","N",TRUE,"35.327"
"1373",25,53,"SU","H",FALSE,"19.003"
"1374",25,54,"SU","I",FALSE,"14.026"
"1375",25,55,"SU","S",FALSE,"37.344"
"1376",26,1,"RE","S",TRUE,"15.828"
"1377",26,2,"RE","A",TRUE,"12.131"
"1378",26,3,"RE","N",TRUE,"11.443"
"1379",26,4,"RE","H",TRUE,"7.422"
"1380",26,5,"RE","I",TRUE,"16.623"
"1381",26,6,"RE","S",TRUE,"9.485"
"1382",26,7,"RE","A",TRUE,"7.932"
"1383",26,8,"RE","N",TRUE,"4.756"
"1384",26,9,"RE","H",TRUE,"9.525"
"1385",26,10,"RE","I",TRUE,"5.02"
"1386",26,11,"RE","S",TRUE,"4.353"
"1387",26,12,"RE","A",TRUE,"23.311"
"1388",26,13,"RE","N",TRUE,"8.796"
"1389",26,14,"RE","H",TRUE,"9.871"
"1390",26,15,"RE","I",TRUE,"5.589"
"1391",26,16,"RE","S",TRUE,"10.818"
"1392",26,17,"RE","A",TRUE,"12.002"
"1393",26,18,"RE","N",TRUE,"9.432"
"1394",26,19,"RE","H",TRUE,"9.373"
"1395",26,20,"RE","I",TRUE,"9.458"
"1396",26,21,"RE","S",TRUE,"5.169"
"1397",26,22,"RE","A",TRUE,"10.555"
"1398",26,23,"RE","N",TRUE,"24.223"
"1399",26,24,"RE","H",TRUE,"9.083"
"1400",26,25,"RE","I",TRUE,"9.078"
"1401",26,26,"RE","S",TRUE,"10.366"
"1402",26,27,"RE","A",TRUE,"8.618"
"1403",26,28,"RE","N",TRUE,"11.834"
"1404",26,29,"RE","H",TRUE,"5.675"
"1405",26,30,"RE","I",TRUE,"13.505"
"1406",26,31,"RE","S",TRUE,"9.945"
"1407",26,32,"RE","A",TRUE,"8.111"
"1408",26,33,"RE","N",TRUE,"11.385"
"1409",26,34,"RE","H",TRUE,"8.137"
"1410",26,35,"RE","I",TRUE,"9.078"
"1411",26,36,"RE","S",TRUE,"7.346"
"1412",26,37,"RE","A",TRUE,"4.219"
"1413",26,38,"RE","N",TRUE,"9.438"
"1414",26,39,"RE","H",TRUE,"7.784"
"1415",26,40,"RE","I",TRUE,"8.321"
"1416",26,41,"RE","S",TRUE,"10.425"
"1417",26,42,"RE","A",TRUE,"5.186"
"1418",26,43,"RE","N",TRUE,"11.397"
"1419",26,44,"RE","H",TRUE,"15.457"
"1420",26,45,"RE","I",TRUE,"8.553"
"1421",26,46,"RE","S",TRUE,"9.05"
"1422",26,47,"RE","A",TRUE,"7.307"
"1423",26,48,"RE","N",TRUE,"5.533"
"1424",26,49,"RE","H",TRUE,"10.598"
"1425",26,50,"RE","I",TRUE,"7.515"
"1426",26,51,"RE","S",TRUE,"7.893"
"1427",26,52,"RE","A",TRUE,"7.261"
"1428",26,53,"RE","N",TRUE,"17.555"
"1429",26,54,"RE","H",TRUE,"7.37"
"1430",26,55,"RE","I",TRUE,"7.092"
"1431",27,1,"FT","I",TRUE,"39.967"
"1432",27,2,"FT","S",TRUE,"55.778"
"1433",27,3,"FT","A",TRUE,"22.515"
"1434",27,4,"FT","N",FALSE,"52.052"
"1435",27,5,"FT","H",TRUE,"15.399"
"1436",27,6,"FT","I",TRUE,"56.865"
"1437",27,7,"FT","S",TRUE,"21.808"
"1438",27,8,"FT","A",TRUE,"43.701"
"1439",27,9,"FT","N",TRUE,"29.111"
"1440",27,10,"FT","H",TRUE,"24.359"
"1441",27,11,"FT","I",TRUE,"14.856"
"1442",27,12,"FT","S",FALSE,"42.44"
"1443",27,13,"FT","A",TRUE,"59.455"
"1444",27,14,"FT","N",TRUE,"20.306"
"1445",27,15,"FT","H",TRUE,"24.367"
"1446",27,16,"FT","I",TRUE,"46.744"
"1447",27,17,"FT","S",TRUE,"58.507"
"1448",27,18,"FT","A",FALSE,"47.188"
"1449",27,19,"FT","N",TRUE,"37.408"
"1450",27,20,"FT","H",TRUE,"53.289"
"1451",27,21,"FT","I",TRUE,"27.831"
"1452",27,22,"FT","S",TRUE,"48.03"
"1453",27,23,"FT","A",TRUE,"16.736"
"1454",27,24,"FT","N",TRUE,"11.035"
"1455",27,25,"FT","H",TRUE,"85.64"
"1456",27,26,"FT","I",TRUE,"20.514"
"1457",27,27,"FT","S",TRUE,"52.676"
"1458",27,28,"FT","A",TRUE,"33.87"
"1459",27,29,"FT","N",TRUE,"26.056"
"1460",27,30,"FT","H",TRUE,"77.308"
"1461",27,31,"FT","I",FALSE,"31.39"
"1462",27,32,"FT","S",TRUE,"32.204"
"1463",27,33,"FT","A",TRUE,"121.406"
"1464",27,34,"FT","N",FALSE,"19.89"
"1465",27,35,"FT","H",TRUE,"67.758"
"1466",27,36,"FT","I",TRUE,"18.643"
"1467",27,37,"FT","S",TRUE,"38.114"
"1468",27,38,"FT","A",TRUE,"27.688"
"1469",27,39,"FT","N",TRUE,"45.949"
"1470",27,40,"FT","H",TRUE,"13.177"
"1471",27,41,"FT","I",TRUE,"14.357"
"1472",27,42,"FT","S",TRUE,"19.026"
"1473",27,43,"FT","A",TRUE,"25.254"
"1474",27,44,"FT","N",TRUE,"33.4"
"1475",27,45,"FT","H",TRUE,"58.317"
"1476",27,46,"FT","I",TRUE,"57.833"
"1477",27,47,"FT","S",TRUE,"31.048"
"1478",27,48,"FT","A",TRUE,"83.737"
"1479",27,49,"FT","N",FALSE,"31.271"
"1480",27,50,"FT","H",TRUE,"44.35"
"1481",27,51,"FT","I",TRUE,"33.931"
"1482",27,52,"FT","S",TRUE,"43.476"
"1483",27,53,"FT","A",TRUE,"9.416"
"1484",27,54,"FT","N",TRUE,"21.179"
"1485",27,55,"FT","H",TRUE,"33.615"
"1486",28,1,"DC","I",TRUE,"31.885"
"1487",28,2,"DC","S",TRUE,"29.258"
"1488",28,3,"DC","A",FALSE,"16.22"
"1489",28,4,"DC","N",FALSE,"25.746"
"1490",28,5,"DC","H",FALSE,"19.747"
"1491",28,6,"DC","I",TRUE,"24.906"
"1492",28,7,"DC","S",TRUE,"15.37"
"1493",28,8,"DC","A",TRUE,"18.012"
"1494",28,9,"DC","N",TRUE,"22.869"
"1495",28,10,"DC","H",FALSE,"13.355"
"1496",28,11,"DC","I",FALSE,"16.047"
"1497",28,12,"DC","S",TRUE,"22.924"
"1498",28,13,"DC","A",TRUE,"27.039"
"1499",28,14,"DC","N",FALSE,"17.437"
"1500",28,15,"DC","H",TRUE,"21.393"
"1501",28,16,"DC","I",TRUE,"35.454"
"1502",28,17,"DC","S",TRUE,"30.17"
"1503",28,18,"DC","A",TRUE,"28.045"
"1504",28,19,"DC","N",TRUE,"15.687"
"1505",28,20,"DC","H",TRUE,"17.942"
"1506",28,21,"DC","I",TRUE,"13.06"
"1507",28,22,"DC","S",TRUE,"26.045"
"1508",28,23,"DC","A",TRUE,"13.654"
"1509",28,24,"DC","N",TRUE,"14.671"
"1510",28,25,"DC","H",TRUE,"19.872"
"1511",28,26,"DC","I",TRUE,"11.469"
"1512",28,27,"DC","S",TRUE,"16.317"
"1513",28,28,"DC","A",TRUE,"24.086"
"1514",28,29,"DC","N",TRUE,"15.132"
"1515",28,30,"DC","H",FALSE,"12.579"
"1516",28,31,"DC","I",TRUE,"17.641"
"1517",28,32,"DC","S",TRUE,"21.219"
"1518",28,33,"DC","A",TRUE,"47.49"
"1519",28,34,"DC","N",TRUE,"30.714"
"1520",28,35,"DC","H",TRUE,"20.792"
"1521",28,36,"DC","I",FALSE,"8.138"
"1522",28,37,"DC","S",TRUE,"11.148"
"1523",28,38,"DC","A",TRUE,"20.57"
"1524",28,39,"DC","N",TRUE,"29.407"
"1525",28,40,"DC","H",TRUE,"29.568"
"1526",28,41,"DC","I",TRUE,"36.448"
"1527",28,42,"DC","S",TRUE,"30.102"
"1528",28,43,"DC","A",TRUE,"9.773"
"1529",28,44,"DC","N",TRUE,"37.184"
"1530",28,45,"DC","H",TRUE,"10.568"
"1531",28,46,"DC","I",TRUE,"24.13"
"1532",28,47,"DC","S",TRUE,"17.817"
"1533",28,48,"DC","A",FALSE,"12.168"
"1534",28,49,"DC","N",TRUE,"14.947"
"1535",28,50,"DC","H",TRUE,"19.382"
"1536",28,51,"DC","I",TRUE,"19.735"
"1537",28,52,"DC","S",TRUE,"19.592"
"1538",28,53,"DC","A",TRUE,"36.53"
"1539",28,54,"DC","N",TRUE,"29.062"
"1540",28,55,"DC","H",TRUE,"28.372"
"1541",29,1,"CL","N",TRUE,"41.333"
"1542",29,2,"CL","H",TRUE,"64.567"
"1543",29,3,"CL","I",TRUE,"45.062"
"1544",29,4,"CL","S",TRUE,"39.697"
"1545",29,5,"CL","A",TRUE,"21.034"
"1546",29,6,"CL","N",TRUE,"51.947"
"1547",29,7,"CL","H",FALSE,"24.149"
"1548",29,8,"CL","I",TRUE,"36.423"
"1549",29,9,"CL","S",FALSE,"44.367"
"1550",29,10,"CL","A",TRUE,"23.132"
"1551",29,11,"CL","N",TRUE,"40.393"
"1552",29,12,"CL","H",FALSE,"68.575"
"1553",29,13,"CL","I",TRUE,"50.879"
"1554",29,14,"CL","S",TRUE,"44.706"
"1555",29,15,"CL","A",TRUE,"43.95"
"1556",29,16,"CL","N",TRUE,"38.908"
"1557",29,17,"CL","H",TRUE,"63.905"
"1558",29,18,"CL","I",TRUE,"59.507"
"1559",29,19,"CL","S",FALSE,"50.846"
"1560",29,20,"CL","A",TRUE,"44.984"
"1561",29,21,"CL","N",TRUE,"16.88"
"1562",29,22,"CL","H",TRUE,"68.631"
"1563",29,23,"CL","I",TRUE,"35.425"
"1564",29,24,"CL","S",FALSE,"22.186"
"1565",29,25,"CL","A",TRUE,"100.808"
"1566",29,26,"CL","N",TRUE,"42.163"
"1567",29,27,"CL","H",TRUE,"50.27"
"1568",29,28,"CL","I",TRUE,"54.401"
"1569",29,29,"CL","S",TRUE,"45.983"
"1570",29,30,"CL","A",TRUE,"103.605"
"1571",29,31,"CL","N",TRUE,"32.263"
"1572",29,32,"CL","H",TRUE,"85.468"
"1573",29,33,"CL","I",TRUE,"71.156"
"1574",29,34,"CL","S",TRUE,"32.935"
"1575",29,35,"CL","A",TRUE,"59.698"
"1576",29,36,"CL","N",TRUE,"42.758"
"1577",29,37,"CL","H",TRUE,"62.038"
"1578",29,38,"CL","I",TRUE,"44.399"
"1579",29,39,"CL","S",FALSE,"32.461"
"1580",29,40,"CL","A",TRUE,"23.105"
"1581",29,41,"CL","N",TRUE,"53.265"
"1582",29,42,"CL","H",TRUE,"19.675"
"1583",29,43,"CL","I",TRUE,"49.92"
"1584",29,44,"CL","S",FALSE,"41.619"
"1585",29,45,"CL","A",TRUE,"35.825"
"1586",29,46,"CL","N",TRUE,"42.989"
"1587",29,47,"CL","H",TRUE,"68.744"
"1588",29,48,"CL","I",TRUE,"43.619"
"1589",29,49,"CL","S",TRUE,"47.13"
"1590",29,50,"CL","A",TRUE,"40.92"
"1591",29,51,"CL","N",TRUE,"29.788"
"1592",29,52,"CL","H",TRUE,"49.547"
"1593",29,53,"CL","I",TRUE,"60.777"
"1594",29,54,"CL","S",TRUE,"16.978"
"1595",29,55,"CL","A",TRUE,"41.014"
"1596",30,1,"CO","A",TRUE,"24.909"
"1597",30,2,"CO","N",TRUE,"42.949"
"1598",30,3,"CO","H",TRUE,"26.323"
"1599",30,4,"CO","I",TRUE,"26.503"
"1600",30,5,"CO","S",FALSE,"50.062"
"1601",30,6,"CO","A",TRUE,"28.298"
"1602",30,7,"CO","N",TRUE,"24.569"
"1603",30,8,"CO","H",FALSE,"22.192"
"1604",30,9,"CO","I",TRUE,"24.206"
"1605",30,10,"CO","S",TRUE,"18.599"
"1606",30,11,"CO","A",TRUE,"25.221"
"1607",30,12,"CO","N",TRUE,"26.855"
"1608",30,13,"CO","H",TRUE,"24.343"
"1609",30,14,"CO","I",TRUE,"25.891"
"1610",30,15,"CO","S",TRUE,"27.554"
"1611",30,16,"CO","A",TRUE,"35.084"
"1612",30,17,"CO","N",TRUE,"42.432"
"1613",30,18,"CO","H",TRUE,"35.361"
"1614",30,19,"CO","I",TRUE,"28.86"
"1615",30,20,"CO","S",FALSE,"34.328"
"1616",30,21,"CO","A",TRUE,"24.96"
"1617",30,22,"CO","N",TRUE,"40.907"
"1618",30,23,"CO","H",TRUE,"28.291"
"1619",30,24,"CO","I",TRUE,"50.902"
"1620",30,25,"CO","S",TRUE,"73.751"
"1621",30,26,"CO","A",TRUE,"30.608"
"1622",30,27,"CO","N",TRUE,"32.487"
"1623",30,28,"CO","H",TRUE,"21.299"
"1624",30,29,"CO","I",TRUE,"37.339"
"1625",30,30,"CO","S",TRUE,"37.785"
"1626",30,31,"CO","A",TRUE,"20.881"
"1627",30,32,"CO","N",TRUE,"44.913"
"1628",30,33,"CO","H",TRUE,"39.644"
"1629",30,34,"CO","I",TRUE,"31.155"
"1630",30,35,"CO","S",TRUE,"43.44"
"1631",30,36,"CO","A",TRUE,"14.908"
"1632",30,37,"CO","N",TRUE,"27.136"
"1633",30,38,"CO","H",FALSE,"28.824"
"1634",30,39,"CO","I",TRUE,"40.338"
"1635",30,40,"CO","S",TRUE,"38.73"
"1636",30,41,"CO","A",TRUE,"33.775"
"1637",30,42,"CO","N",TRUE,"19.413"
"1638",30,43,"CO","H",FALSE,"39.347"
"1639",30,44,"CO","I",TRUE,"26.76"
"1640",30,45,"CO","S",TRUE,"28.832"
"1641",30,46,"CO","A",TRUE,"83.474"
"1642",30,47,"CO","N",TRUE,"19.845"
"1643",30,48,"CO","H",TRUE,"26.856"
"1644",30,49,"CO","I",TRUE,"44.456"
"1645",30,50,"CO","S",TRUE,"26.844"
"1646",30,51,"CO","A",TRUE,"28.315"
"1647",30,52,"CO","N",TRUE,"43.908"
"1648",30,53,"CO","H",TRUE,"46.835"
"1649",30,54,"CO","I",TRUE,"46.065"
"1650",30,55,"CO","S",TRUE,"22.191"
"1651",31,1,"FL","N",FALSE,"23.038"
"1652",31,2,"FL","H",TRUE,"49.448"
"1653",31,3,"FL","I",TRUE,"55.919"
"1654",31,4,"FL","S",TRUE,"36.208"
"1655",31,5,"FL","A",TRUE,"47.442"
"1656",31,6,"FL","N",FALSE,"62.111"
"1657",31,7,"FL","H",TRUE,"37.74"
"1658",31,8,"FL","I",TRUE,"35.783"
"1659",31,9,"FL","S",TRUE,"24.253"
"1660",31,10,"FL","A",TRUE,"107.001"
"1661",31,11,"FL","N",TRUE,"35.437"
"1662",31,12,"FL","H",TRUE,"48.247"
"1663",31,13,"FL","I",TRUE,"44.839"
"1664",31,14,"FL","S",TRUE,"35.146"
"1665",31,15,"FL","A",TRUE,"49.979"
"1666",31,16,"FL","N",TRUE,"38.396"
"1667",31,17,"FL","H",TRUE,"38.965"
"1668",31,18,"FL","I",TRUE,"77.885"
"1669",31,19,"FL","S",TRUE,"33.278"
"1670",31,20,"FL","A",TRUE,"51.182"
"1671",31,21,"FL","N",TRUE,"14.489"
"1672",31,22,"FL","H",TRUE,"83.634"
"1673",31,23,"FL","I",TRUE,"90.307"
"1674",31,24,"FL","S",FALSE,"15.794"
"1675",31,25,"FL","A",TRUE,"39.793"
"1676",31,26,"FL","N",TRUE,"73.544"
"1677",31,27,"FL","H",TRUE,"24.116"
"1678",31,28,"FL","I",FALSE,"40.504"
"1679",31,29,"FL","S",TRUE,"17.312"
"1680",31,30,"FL","A",TRUE,"23.209"
"1681",31,31,"FL","N",TRUE,"44.81"
"1682",31,32,"FL","H",TRUE,"62.646"
"1683",31,33,"FL","I",TRUE,"50.827"
"1684",31,34,"FL","S",TRUE,"47.041"
"1685",31,35,"FL","A",TRUE,"33.517"
"1686",31,36,"FL","N",TRUE,"28.499"
"1687",31,37,"FL","H",FALSE,"14.082"
"1688",31,38,"FL","I",TRUE,"42.735"
"1689",31,39,"FL","S",FALSE,"21.935"
"1690",31,40,"FL","A",TRUE,"29.804"
"1691",31,41,"FL","N",TRUE,"88.948"
"1692",31,42,"FL","H",TRUE,"30.083"
"1693",31,43,"FL","I",TRUE,"18.066"
"1694",31,44,"FL","S",FALSE,"63.856"
"1695",31,45,"FL","A",TRUE,"20.62"
"1696",31,46,"FL","N",TRUE,"36.417"
"1697",31,47,"FL","H",FALSE,"52.357"
"1698",31,48,"FL","I",TRUE,"14.587"
"1699",31,49,"FL","S",TRUE,"50.351"
"1700",31,50,"FL","A",TRUE,"54.774"
"1701",31,51,"FL","N",TRUE,"55.127"
"1702",31,52,"FL","H",FALSE,"30.888"
"1703",31,53,"FL","I",TRUE,"62.847"
"1704",31,54,"FL","S",TRUE,"21.462"
"1705",31,55,"FL","A",TRUE,"42.238"
"1706",32,1,"DC","H",TRUE,"16.212"
"1707",32,2,"DC","I",TRUE,"71.451"
"1708",32,3,"DC","S",TRUE,"21.604"
"1709",32,4,"DC","A",TRUE,"24.774"
"1710",32,5,"DC","N",TRUE,"26.268"
"1711",32,6,"DC","H",TRUE,"17.639"
"1712",32,7,"DC","I",TRUE,"24.932"
"1713",32,8,"DC","S",TRUE,"19.369"
"1714",32,9,"DC","A",TRUE,"21.454"
"1715",32,10,"DC","N",TRUE,"18.188"
"1716",32,11,"DC","H",TRUE,"23.954"
"1717",32,12,"DC","I",TRUE,"51.485"
"1718",32,13,"DC","S",TRUE,"28.025"
"1719",32,14,"DC","A",TRUE,"11.982"
"1720",32,15,"DC","N",TRUE,"15.862"
"1721",32,16,"DC","H",TRUE,"15.626"
"1722",32,17,"DC","I",TRUE,"32.628"
"1723",32,18,"DC","S",TRUE,"27"
"1724",32,19,"DC","A",TRUE,"34.681"
"1725",32,20,"DC","N",TRUE,"19.216"
"1726",32,21,"DC","H",TRUE,"10.906"
"1727",32,22,"DC","I",TRUE,"41.637"
"1728",32,23,"DC","S",TRUE,"17.75"
"1729",32,24,"DC","A",TRUE,"18.943"
"1730",32,25,"DC","N",TRUE,"34.353"
"1731",32,26,"DC","H",TRUE,"14.188"
"1732",32,27,"DC","I",TRUE,"19.48"
"1733",32,28,"DC","S",TRUE,"30.553"
"1734",32,29,"DC","A",TRUE,"30.666"
"1735",32,30,"DC","N",TRUE,"41.4"
"1736",32,31,"DC","H",TRUE,"17.198"
"1737",32,32,"DC","I",TRUE,"40.34"
"1738",32,33,"DC","S",TRUE,"23.97"
"1739",32,34,"DC","A",TRUE,"22.604"
"1740",32,35,"DC","N",TRUE,"12.511"
"1741",32,36,"DC","H",TRUE,"21.35"
"1742",32,37,"DC","I",TRUE,"20.152"
"1743",32,38,"DC","S",TRUE,"19.42"
"1744",32,39,"DC","A",TRUE,"16.082"
"1745",32,40,"DC","N",TRUE,"21.389"
"1746",32,41,"DC","H",TRUE,"23.654"
"1747",32,42,"DC","I",TRUE,"37.933"
"1748",32,43,"DC","S",TRUE,"20.749"
"1749",32,44,"DC","A",TRUE,"37.466"
"1750",32,45,"DC","N",TRUE,"22.097"
"1751",32,46,"DC","H",TRUE,"25.229"
"1752",32,47,"DC","I",TRUE,"27.076"
"1753",32,48,"DC","S",TRUE,"43.179"
"1754",32,49,"DC","A",TRUE,"34.835"
"1755",32,50,"DC","N",TRUE,"17.697"
"1756",32,51,"DC","H",TRUE,"16.803"
"1757",32,52,"DC","I",TRUE,"19.613"
"1758",32,53,"DC","S",TRUE,"17.023"
"1759",32,54,"DC","A",TRUE,"19.658"
"1760",32,55,"DC","N",TRUE,"24.774"
"1761",33,1,"FT","N",TRUE,"32.083"
"1762",33,2,"FT","H",TRUE,"41.333"
"1763",33,3,"FT","I",TRUE,"20.282"
"1764",33,4,"FT","S",TRUE,"10.043"
"1765",33,5,"FT","A",TRUE,"11.264"
"1766",33,6,"FT","N",TRUE,"49.952"
"1767",33,7,"FT","H",TRUE,"13.789"
"1768",33,8,"FT","I",TRUE,"6.946"
"1769",33,9,"FT","S",TRUE,"6.827"
"1770",33,10,"FT","A",TRUE,"8.585"
"1771",33,11,"FT","N",TRUE,"8.354"
"1772",33,12,"FT","H",TRUE,"33.235"
"1773",33,13,"FT","I",TRUE,"36.639"
"1774",33,14,"FT","S",TRUE,"7.874"
"1775",33,15,"FT","A",TRUE,"41.302"
"1776",33,16,"FT","N",TRUE,"12.083"
"1777",33,17,"FT","H",TRUE,"14.555"
"1778",33,18,"FT","I",TRUE,"16.833"
"1779",33,19,"FT","S",TRUE,"35.263"
"1780",33,20,"FT","A",TRUE,"62.062"
"1781",33,21,"FT","N",TRUE,"7.72"
"1782",33,22,"FT","H",TRUE,"7.581"
"1783",33,23,"FT","I",TRUE,"8.847"
"1784",33,24,"FT","S",TRUE,"17.85"
"1785",33,25,"FT","A",TRUE,"36.312"
"1786",33,26,"FT","N",TRUE,"5.439"
"1787",33,27,"FT","H",TRUE,"46.987"
"1788",33,28,"FT","I",TRUE,"19.699"
"1789",33,29,"FT","S",TRUE,"11.636"
"1790",33,30,"FT","A",TRUE,"25.611"
"1791",33,31,"FT","N",TRUE,"16.402"
"1792",33,32,"FT","H",TRUE,"17.379"
"1793",33,33,"FT","I",TRUE,"50.033"
"1794",33,34,"FT","S",TRUE,"11.488"
"1795",33,35,"FT","A",TRUE,"10.931"
"1796",33,36,"FT","N",TRUE,"5.569"
"1797",33,37,"FT","H",TRUE,"10.268"
"1798",33,38,"FT","I",TRUE,"18.335"
"1799",33,39,"FT","S",TRUE,"54.243"
"1800",33,40,"FT","A",TRUE,"18.372"
"1801",33,41,"FT","N",TRUE,"22.426"
"1802",33,42,"FT","H",TRUE,"9.087"
"1803",33,43,"FT","I",TRUE,"23.468"
"1804",33,44,"FT","S",TRUE,"68.698"
"1805",33,45,"FT","A",TRUE,"38.307"
"1806",33,46,"FT","N",TRUE,"9.612"
"1807",33,47,"FT","H",TRUE,"14.223"
"1808",33,48,"FT","I",TRUE,"7.344"
"1809",33,49,"FT","S",TRUE,"8.918"
"1810",33,50,"FT","A",TRUE,"19.459"
"1811",33,51,"FT","N",TRUE,"11.031"
"1812",33,52,"FT","H",TRUE,"27.958"
"1813",33,53,"FT","I",TRUE,"13.237"
"1814",33,54,"FT","S",TRUE,"7.527"
"1815",33,55,"FT","A",TRUE,"17.29"
"1816",34,1,"SU","H",TRUE,"42.126"
"1817",34,2,"SU","I",FALSE,"47.751"
"1818",34,3,"SU","S",TRUE,"33.869"
"1819",34,4,"SU","A",FALSE,"28.344"
"1820",34,5,"SU","N",FALSE,"34.728"
"1821",34,6,"SU","H",FALSE,"13.583"
"1822",34,7,"SU","I",FALSE,"28.736"
"1823",34,8,"SU","S",TRUE,"20.968"
"1824",34,9,"SU","A",FALSE,"38.378"
"1825",34,10,"SU","N",FALSE,"15.014"
"1826",34,11,"SU","H",FALSE,"23.094"
"1827",34,12,"SU","I",TRUE,"21.474"
"1828",34,13,"SU","S",TRUE,"32.849"
"1829",34,14,"SU","A",FALSE,"32.07"
"1830",34,15,"SU","N",FALSE,"34.976"
"1831",34,16,"SU","H",FALSE,"45.283"
"1832",34,17,"SU","I",TRUE,"34.238"
"1833",34,18,"SU","S",FALSE,"21.58"
"1834",34,19,"SU","A",FALSE,"27.325"
"1835",34,20,"SU","N",FALSE,"27.382"
"1836",34,21,"SU","H",FALSE,"27.361"
"1837",34,22,"SU","I",FALSE,"25.354"
"1838",34,23,"SU","S",FALSE,"23.892"
"1839",34,24,"SU","A",TRUE,"17.776"
"1840",34,25,"SU","N",TRUE,"32.381"
"1841",34,26,"SU","H",FALSE,"50.711"
"1842",34,27,"SU","I",TRUE,"21.737"
"1843",34,28,"SU","S",TRUE,"63.809"
"1844",34,29,"SU","A",FALSE,"25.508"
"1845",34,30,"SU","N",FALSE,"33.938"
"1846",34,31,"SU","H",TRUE,"31.254"
"1847",34,32,"SU","I",FALSE,"42.917"
"1848",34,33,"SU","S",FALSE,"45.243"
"1849",34,34,"SU","A",TRUE,"19.709"
"1850",34,35,"SU","N",TRUE,"23.431"
"1851",34,36,"SU","H",FALSE,"11.856"
"1852",34,37,"SU","I",FALSE,"12.496"
"1853",34,38,"SU","S",TRUE,"37.951"
"1854",34,39,"SU","A",FALSE,"27.531"
"1855",34,40,"SU","N",FALSE,"20.987"
"1856",34,41,"SU","H",FALSE,"17.196"
"1857",34,42,"SU","I",FALSE,"8.986"
"1858",34,43,"SU","S",FALSE,"35.336"
"1859",34,44,"SU","A",FALSE,"68.6"
"1860",34,45,"SU","N",FALSE,"27.12"
"1861",34,46,"SU","H",FALSE,"64.998"
"1862",34,47,"SU","I",FALSE,"69.976"
"1863",34,48,"SU","S",FALSE,"29.802"
"1864",34,49,"SU","A",FALSE,"22.704"
"1865",34,50,"SU","N",FALSE,"29.624"
"1866",34,51,"SU","H",FALSE,"23.398"
"1867",34,52,"SU","I",FALSE,"46.716"
"1868",34,53,"SU","S",TRUE,"27.84"
"1869",34,54,"SU","A",FALSE,"23.473"
"1870",34,55,"SU","N",FALSE,"14.788"
"1871",35,1,"FL","I",TRUE,"62.151"
"1872",35,2,"FL","S",TRUE,"34.047"
"1873",35,3,"FL","A",TRUE,"80.172"
"1874",35,4,"FL","N",FALSE,"53.663"
"1875",35,5,"FL","H",TRUE,"78.557"
"1876",35,6,"FL","I",TRUE,"61.438"
"1877",35,7,"FL","S",TRUE,"60.481"
"1878",35,8,"FL","A",TRUE,"63.271"
"1879",35,9,"FL","N",TRUE,"42.912"
"1880",35,10,"FL","H",TRUE,"37.946"
"1881",35,11,"FL","I",FALSE,"39.495"
"1882",35,12,"FL","S",TRUE,"112.376"
"1883",35,13,"FL","A",TRUE,"53.796"
"1884",35,14,"FL","N",TRUE,"37.838"
"1885",35,15,"FL","H",TRUE,"32.298"
"1886",35,16,"FL","I",TRUE,"43.602"
"1887",35,17,"FL","S",TRUE,"52.939"
"1888",35,18,"FL","A",TRUE,"83.572"
"1889",35,19,"FL","N",TRUE,"50.891"
"1890",35,20,"FL","H",TRUE,"28.049"
"1891",35,21,"FL","I",TRUE,"23.867"
"1892",35,22,"FL","S",TRUE,"58.474"
"1893",35,23,"FL","A",TRUE,"41.884"
"1894",35,24,"FL","N",TRUE,"41.158"
"1895",35,25,"FL","H",TRUE,"30.241"
"1896",35,26,"FL","I",TRUE,"47.427"
"1897",35,27,"FL","S",TRUE,"54.082"
"1898",35,28,"FL","A",TRUE,"27.254"
"1899",35,29,"FL","N",TRUE,"37.966"
"1900",35,30,"FL","H",TRUE,"33.652"
"1901",35,31,"FL","I",TRUE,"37.341"
"1902",35,32,"FL","S",FALSE,"40.794"
"1903",35,33,"FL","A",TRUE,"68.873"
"1904",35,34,"FL","N",TRUE,"48.867"
"1905",35,35,"FL","H",TRUE,"30.657"
"1906",35,36,"FL","I",TRUE,"28.664"
"1907",35,37,"FL","S",TRUE,"18.273"
"1908",35,38,"FL","A",TRUE,"63.35"
"1909",35,39,"FL","N",FALSE,"79.688"
"1910",35,40,"FL","H",TRUE,"31.091"
"1911",35,41,"FL","I",TRUE,"56.937"
"1912",35,42,"FL","S",TRUE,"40.177"
"1913",35,43,"FL","A",TRUE,"33.318"
"1914",35,44,"FL","N",TRUE,"61.591"
"1915",35,45,"FL","H",TRUE,"88.386"
"1916",35,46,"FL","I",TRUE,"70.605"
"1917",35,47,"FL","S",TRUE,"64.814"
"1918",35,48,"FL","A",TRUE,"48.769"
"1919",35,49,"FL","N",TRUE,"78.245"
"1920",35,50,"FL","H",FALSE,"40.953"
"1921",35,51,"FL","I",TRUE,"58.973"
"1922",35,52,"FL","S",TRUE,"59.995"
"1923",35,53,"FL","A",TRUE,"62.031"
"1924",35,54,"FL","N",TRUE,"42.697"
"1925",35,55,"FL","H",TRUE,"44.989"
"1926",36,1,"FA","I",TRUE,"20.301"
"1927",36,2,"FA","S",TRUE,"19.097"
"1928",36,3,"FA","A",TRUE,"19.026"
"1929",36,4,"FA","N",FALSE,"15.149"
"1930",36,5,"FA","H",TRUE,"15.284"
"1931",36,6,"FA","I",TRUE,"25.158"
"1932",36,7,"FA","S",TRUE,"36.665"
"1933",36,8,"FA","A",TRUE,"13.868"
"1934",36,9,"FA","N",TRUE,"17.729"
"1935",36,10,"FA","H",TRUE,"12.291"
"1936",36,11,"FA","I",TRUE,"15.635"
"1937",36,12,"FA","S",TRUE,"39.98"
"1938",36,13,"FA","A",TRUE,"16.44"
"1939",36,14,"FA","N",TRUE,"24.118"
"1940",36,15,"FA","H",TRUE,"24.912"
"1941",36,16,"FA","I",TRUE,"24.417"
"1942",36,17,"FA","S",TRUE,"41.095"
"1943",36,18,"FA","A",TRUE,"15.149"
"1944",36,19,"FA","N",TRUE,"19.175"
"1945",36,20,"FA","H",TRUE,"17.295"
"1946",36,21,"FA","I",FALSE,"8.262"
"1947",36,22,"FA","S",TRUE,"27.022"
"1948",36,23,"FA","A",TRUE,"32.324"
"1949",36,24,"FA","N",TRUE,"11.981"
"1950",36,25,"FA","H",TRUE,"51.318"
"1951",36,26,"FA","I",TRUE,"13.381"
"1952",36,27,"FA","S",TRUE,"17.048"
"1953",36,28,"FA","A",TRUE,"18.817"
"1954",36,29,"FA","N",TRUE,"10.434"
"1955",36,30,"FA","H",TRUE,"30.941"
"1956",36,31,"FA","I",TRUE,"11.568"
"1957",36,32,"FA","S",TRUE,"22.201"
"1958",36,33,"FA","A",TRUE,"53.759"
"1959",36,34,"FA","N",TRUE,"30.038"
"1960",36,35,"FA","H",TRUE,"31.467"
"1961",36,36,"FA","I",TRUE,"16.097"
"1962",36,37,"FA","S",TRUE,"8.189"
"1963",36,38,"FA","A",TRUE,"13.454"
"1964",36,39,"FA","N",TRUE,"21.349"
"1965",36,40,"FA","H",TRUE,"22.976"
"1966",36,41,"FA","I",TRUE,"29.437"
"1967",36,42,"FA","S",TRUE,"17.148"
"1968",36,43,"FA","A",TRUE,"7.997"
"1969",36,44,"FA","N",TRUE,"19.265"
"1970",36,45,"FA","H",TRUE,"42.169"
"1971",36,46,"FA","I",TRUE,"11.667"
"1972",36,47,"FA","S",TRUE,"25.452"
"1973",36,48,"FA","A",TRUE,"11.14"
"1974",36,49,"FA","N",TRUE,"15.31"
"1975",36,50,"FA","H",TRUE,"26.605"
"1976",36,51,"FA","I",TRUE,"27.83"
"1977",36,52,"FA","S",TRUE,"26.736"
"1978",36,53,"FA","A",TRUE,"22.871"
"1979",36,54,"FA","N",TRUE,"23.16"
"1980",36,55,"FA","H",TRUE,"27.7"
"1981",37,1,"RE","N",TRUE,"8.836"
"1982",37,2,"RE","H",TRUE,"12.505"
"1983",37,3,"RE","I",TRUE,"9.206"
"1984",37,4,"RE","S",TRUE,"7.237"
"1985",37,5,"RE","A",TRUE,"11.133"
"1986",37,6,"RE","N",TRUE,"8.593"
"1987",37,7,"RE","H",TRUE,"7.624"
"1988",37,8,"RE","I",TRUE,"4.734"
"1989",37,9,"RE","S",TRUE,"4.571"
"1990",37,10,"RE","A",TRUE,"10.593"
"1991",37,11,"RE","N",TRUE,"10.038"
"1992",37,12,"RE","H",TRUE,"12.739"
"1993",37,13,"RE","I",TRUE,"9.499"
"1994",37,14,"RE","S",TRUE,"7.791"
"1995",37,15,"RE","A",TRUE,"9.144"
"1996",37,16,"RE","N",TRUE,"12.268"
"1997",37,17,"RE","H",TRUE,"7.78"
"1998",37,18,"RE","I",TRUE,"7.869"
"1999",37,19,"RE","S",TRUE,"6.733"
"2000",37,20,"RE","A",TRUE,"6.104"
"2001",37,21,"RE","N",TRUE,"5.316"
"2002",37,22,"RE","H",TRUE,"6.826"
"2003",37,23,"RE","I",TRUE,"8.305"
"2004",37,24,"RE","S",TRUE,"8.427"
"2005",37,25,"RE","A",TRUE,"11.055"
"2006",37,26,"RE","N",TRUE,"9.002"
"2007",37,27,"RE","H",TRUE,"6.794"
"2008",37,28,"RE","I",TRUE,"7.828"
"2009",37,29,"RE","S",TRUE,"28.931"
"2010",37,30,"RE","A",TRUE,"11.468"
"2011",37,31,"RE","N",TRUE,"9.009"
"2012",37,32,"RE","H",TRUE,"14.737"
"2013",37,33,"RE","I",TRUE,"15.43"
"2014",37,34,"RE","S",TRUE,"5.667"
"2015",37,35,"RE","A",TRUE,"8.034"
"2016",37,36,"RE","N",TRUE,"7.445"
"2017",37,37,"RE","H",TRUE,"7.299"
"2018",37,38,"RE","I",TRUE,"9.879"
"2019",37,39,"RE","S",TRUE,"7.886"
"2020",37,40,"RE","A",TRUE,"8.746"
"2021",37,41,"RE","N",TRUE,"8.53"
"2022",37,42,"RE","H",TRUE,"5.35"
"2023",37,43,"RE","I",TRUE,"7.582"
"2024",37,44,"RE","S",TRUE,"13.446"
"2025",37,45,"RE","A",TRUE,"16.086"
"2026",37,46,"RE","N",TRUE,"12.057"
"2027",37,47,"RE","H",TRUE,"8.212"
"2028",37,48,"RE","I",TRUE,"7.277"
"2029",37,49,"RE","S",TRUE,"7.486"
"2030",37,50,"RE","A",TRUE,"6.812"
"2031",37,51,"RE","N",TRUE,"7.057"
"2032",37,52,"RE","H",TRUE,"7.855"
"2033",37,53,"RE","I",TRUE,"6.04"
"2034",37,54,"RE","S",TRUE,"4.893"
"2035",37,55,"RE","A",TRUE,"5.428"
"2036",38,1,"FA","A",TRUE,"22.009"
"2037",38,2,"FA","N",TRUE,"35.679"
"2038",38,3,"FA","H",TRUE,"16.865"
"2039",38,4,"FA","I",TRUE,"14.423"
"2040",38,5,"FA","S",TRUE,"21.705"
"2041",38,6,"FA","A",TRUE,"27.963"
"2042",38,7,"FA","N",TRUE,"21.779"
"2043",38,8,"FA","H",TRUE,"19.167"
"2044",38,9,"FA","I",TRUE,"19.091"
"2045",38,10,"FA","S",TRUE,"17.276"
"2046",38,11,"FA","A",TRUE,"36.607"
"2047",38,12,"FA","N",TRUE,"21.196"
"2048",38,13,"FA","H",TRUE,"14"
"2049",38,14,"FA","I",TRUE,"36.07"
"2050",38,15,"FA","S",TRUE,"16.128"
"2051",38,16,"FA","A",TRUE,"24.793"
"2052",38,17,"FA","N",TRUE,"21.025"
"2053",38,18,"FA","H",TRUE,"24.972"
"2054",38,19,"FA","I",TRUE,"15.103"
"2055",38,20,"FA","S",TRUE,"35.211"
"2056",38,21,"FA","A",TRUE,"44.728"
"2057",38,22,"FA","N",TRUE,"21.362"
"2058",38,23,"FA","H",TRUE,"21.931"
"2059",38,24,"FA","I",TRUE,"13.459"
"2060",38,25,"FA","S",TRUE,"18.054"
"2061",38,26,"FA","A",TRUE,"16.286"
"2062",38,27,"FA","N",TRUE,"17.547"
"2063",38,28,"FA","H",TRUE,"21.21"
"2064",38,29,"FA","I",TRUE,"16.398"
"2065",38,30,"FA","S",TRUE,"20.052"
"2066",38,31,"FA","A",TRUE,"17.739"
"2067",38,32,"FA","N",TRUE,"45.562"
"2068",38,33,"FA","H",TRUE,"34.68"
"2069",38,34,"FA","I",TRUE,"17.827"
"2070",38,35,"FA","S",TRUE,"33.309"
"2071",38,36,"FA","A",TRUE,"14.56"
"2072",38,37,"FA","N",TRUE,"20.548"
"2073",38,38,"FA","H",TRUE,"41.655"
"2074",38,39,"FA","I",TRUE,"12.65"
"2075",38,40,"FA","S",TRUE,"15.952"
"2076",38,41,"FA","A",TRUE,"30.773"
"2077",38,42,"FA","N",TRUE,"12.112"
"2078",38,43,"FA","H",TRUE,"14.041"
"2079",38,44,"FA","I",TRUE,"19.395"
"2080",38,45,"FA","S",TRUE,"22.293"
"2081",38,46,"FA","A",TRUE,"14.766"
"2082",38,47,"FA","N",TRUE,"14.327"
"2083",38,48,"FA","H",TRUE,"15.303"
"2084",38,49,"FA","I",TRUE,"22.469"
"2085",38,50,"FA","S",TRUE,"14.285"
"2086",38,51,"FA","A",TRUE,"20.238"
"2087",38,52,"FA","N",TRUE,"10.272"
"2088",38,53,"FA","H",TRUE,"11.208"
"2089",38,54,"FA","I",TRUE,"14.916"
"2090",38,55,"FA","S",TRUE,"21.196"
"2091",39,1,"DC","S",TRUE,"23.786"
"2092",39,2,"DC","A",FALSE,"37.832"
"2093",39,3,"DC","N",TRUE,"24.685"
"2094",39,4,"DC","H",TRUE,"20.349"
"2095",39,5,"DC","I",TRUE,"18.639"
"2096",39,6,"DC","S",TRUE,"22.388"
"2097",39,7,"DC","A",TRUE,"21.479"
"2098",39,8,"DC","N",TRUE,"14.614"
"2099",39,9,"DC","H",FALSE,"14.743"
"2100",39,10,"DC","I",FALSE,"14.11"
"2101",39,11,"DC","S",FALSE,"19.388"
"2102",39,12,"DC","A",TRUE,"34.842"
"2103",39,13,"DC","N",TRUE,"18.342"
"2104",39,14,"DC","H",TRUE,"18.723"
"2105",39,15,"DC","I",TRUE,"20.465"
"2106",39,16,"DC","S",TRUE,"34.569"
"2107",39,17,"DC","A",TRUE,"43.72"
"2108",39,18,"DC","N",TRUE,"19.42"
"2109",39,19,"DC","H",TRUE,"16.132"
"2110",39,20,"DC","I",TRUE,"17.885"
"2111",39,21,"DC","S",TRUE,"28.503"
"2112",39,22,"DC","A",TRUE,"21.85"
"2113",39,23,"DC","N",TRUE,"22.571"
"2114",39,24,"DC","H",TRUE,"10.818"
"2115",39,25,"DC","I",TRUE,"51.558"
"2116",39,26,"DC","S",TRUE,"42.323"
"2117",39,27,"DC","A",TRUE,"30.382"
"2118",39,28,"DC","N",TRUE,"25.449"
"2119",39,29,"DC","H",TRUE,"14.949"
"2120",39,30,"DC","I",TRUE,"47.193"
"2121",39,31,"DC","S",TRUE,"18.771"
"2122",39,32,"DC","A",TRUE,"37.131"
"2123",39,33,"DC","N",TRUE,"20.243"
"2124",39,34,"DC","H",TRUE,"23.431"
"2125",39,35,"DC","I",TRUE,"30.067"
"2126",39,36,"DC","S",TRUE,"19.475"
"2127",39,37,"DC","A",FALSE,"31.113"
"2128",39,38,"DC","N",FALSE,"16.963"
"2129",39,39,"DC","H",TRUE,"17.85"
"2130",39,40,"DC","I",TRUE,"36.4"
"2131",39,41,"DC","S",FALSE,"23.718"
"2132",39,42,"DC","A",FALSE,"30.043"
"2133",39,43,"DC","N",TRUE,"16.003"
"2134",39,44,"DC","H",TRUE,"27.184"
"2135",39,45,"DC","I",TRUE,"19.981"
"2136",39,46,"DC","S",TRUE,"25.979"
"2137",39,47,"DC","A",TRUE,"19.74"
"2138",39,48,"DC","N",TRUE,"31.469"
"2139",39,49,"DC","H",TRUE,"14.258"
"2140",39,50,"DC","I",TRUE,"21.704"
"2141",39,51,"DC","S",TRUE,"32.329"
"2142",39,52,"DC","A",TRUE,"36.938"
"2143",39,53,"DC","N",TRUE,"15.663"
"2144",39,54,"DC","H",TRUE,"15.185"
"2145",39,55,"DC","I",FALSE,"31.124"
"2146",40,1,"FL","S",TRUE,"36.702"
"2147",40,2,"FL","A",TRUE,"71.457"
"2148",40,3,"FL","N",TRUE,"54.384"
"2149",40,4,"FL","H",TRUE,"58.431"
"2150",40,5,"FL","I",TRUE,"64.279"
"2151",40,6,"FL","S",TRUE,"57.213"
"2152",40,7,"FL","A",TRUE,"38.405"
"2153",40,8,"FL","N",TRUE,"46.53"
"2154",40,9,"FL","H",FALSE,"56.839"
"2155",40,10,"FL","I",TRUE,"63.845"
"2156",40,11,"FL","S",TRUE,"49.891"
"2157",40,12,"FL","A",TRUE,"79.872"
"2158",40,13,"FL","N",TRUE,"47.366"
"2159",40,14,"FL","H",TRUE,"46.699"
"2160",40,15,"FL","I",TRUE,"92.434"
"2161",40,16,"FL","S",TRUE,"68.656"
"2162",40,17,"FL","A",TRUE,"121.792"
"2163",40,18,"FL","N",TRUE,"84.383"
"2164",40,19,"FL","H",FALSE,"42.136"
"2165",40,20,"FL","I",TRUE,"53.383"
"2166",40,21,"FL","S",FALSE,"33.494"
"2167",40,22,"FL","A",TRUE,"46.47"
"2168",40,23,"FL","N",FALSE,"58.899"
"2169",40,24,"FL","H",FALSE,"17.544"
"2170",40,25,"FL","I",TRUE,"87.062"
"2171",40,26,"FL","S",TRUE,"36.094"
"2172",40,27,"FL","A",TRUE,"62.248"
"2173",40,28,"FL","N",FALSE,"63.682"
"2174",40,29,"FL","H",TRUE,"47.274"
"2175",40,30,"FL","I",TRUE,"59.864"
"2176",40,31,"FL","S",TRUE,"61.855"
"2177",40,32,"FL","A",TRUE,"86.832"
"2178",40,33,"FL","N",TRUE,"63.413"
"2179",40,34,"FL","H",FALSE,"42.054"
"2180",40,35,"FL","I",FALSE,"66.301"
"2181",40,36,"FL","S",FALSE,"38.779"
"2182",40,37,"FL","A",TRUE,"42.772"
"2183",40,38,"FL","N",TRUE,"47.81"
"2184",40,39,"FL","H",TRUE,"55.38"
"2185",40,40,"FL","I",TRUE,"64.409"
"2186",40,41,"FL","S",TRUE,"50.875"
"2187",40,42,"FL","A",TRUE,"38.582"
"2188",40,43,"FL","N",TRUE,"37.998"
"2189",40,44,"FL","H",FALSE,"40.05"
"2190",40,45,"FL","I",TRUE,"79.851"
"2191",40,46,"FL","S",TRUE,"52.314"
"2192",40,47,"FL","A",TRUE,"60.293"
"2193",40,48,"FL","N",TRUE,"52.6"
"2194",40,49,"FL","H",TRUE,"36.766"
"2195",40,50,"FL","I",TRUE,"86.196"
"2196",40,51,"FL","S",TRUE,"30.994"
"2197",40,52,"FL","A",TRUE,"44.968"
"2198",40,53,"FL","N",TRUE,"31.857"
"2199",40,54,"FL","H",TRUE,"53.929"
"2200",40,55,"FL","I",FALSE,"56.919"
